id,source_key,student_id,bed_space_id,monthly_rental,security_deposit,access_card_deposit,salesperson,check_in_date,agreement_start_date,agreement_end_date,agreement_duration,check_out_date,check_in_meter,remarks,status,created_at,parking_deposit,check_out_meter,source_reservation_id
1,ATR:1201-A1,1,1,399.0,1197.0,0.0,Foo,2025-07-05,2026-07-01,2026-07-31,1 month,2026-08-01,,,ended,2026-07-23 02:43:43,,,
2,ATR:1201-A2,2,2,399.0,1197.0,0.0,Foo,2025-07-05,2026-07-01,2026-07-31,1 month,,,,active,2026-07-23 02:43:43,,,
3,ATR:1201-B1,3,3,700.0,2100.0,0.0,Foo,2025-07-05,2026-07-01,2026-07-31,1 month,,,,active,2026-07-23 02:43:43,,,
4,ATR:1201-D1,4,5,599.0,1797.0,0.0,Foo,2025-07-05,2026-07-01,2026-07-31,1 month,,,,active,2026-07-23 02:43:43,,,
5,ATR:1304-B1,5,8,800.0,2400.0,0.0,Foo,2025-09-02,2025-09-01,2026-08-31,1 year,,,,active,2026-07-23 02:43:43,,,
6,ATR:1304-C1,6,9,499.0,998.0,0.0,Catherine,2025-05-05,2025-05-01,2027-04-30,1 year,,,GF.290,active,2026-07-23 02:43:43,,,
7,ATR:1304-D1,7,10,680.0,2040.0,0.0,Foo,2023-08-18,2025-09-01,2026-10-31,2 months,,578.0,GF.151,active,2026-07-23 02:43:43,,,
8,ATR:1309-A1,8,11,690.0,1380.0,0.0,Catherine,2024-08-30,2026-09-01,2027-08-31,1 year,,,GF.249,active,2026-07-23 02:43:43,,,
9,ATR:1309-B1,9,12,800.0,1600.0,0.0,Catherine,2023-10-07,2025-10-01,2026-09-30,1 year,,2618.0,GF.184,active,2026-07-23 02:43:43,,,
10,ATR:1309-C1,10,13,580.0,1740.0,0.0,Catherine,2023-08-20,2026-09-01,2026-09-30,1 month,,2625.0,GF.169,active,2026-07-23 02:43:43,,,
11,ATR:1309-D1,11,14,680.0,2040.0,0.0,Foo,2022-08-13,2026-01-01,2026-08-31,8 months,,710.0,GF.15,active,2026-07-23 02:43:43,,,
12,ATR:1310-A1,12,15,690.0,1380.0,0.0,Foo,2023-10-09,2025-10-01,2026-09-30,1 year,,137.0,GF.185,active,2026-07-23 02:43:43,,,
13,ATR:1310-B1,13,16,449.0,1347.0,0.0,Foo,2025-05-17,2025-06-01,2027-05-31,2 years,,,,active,2026-07-23 02:43:43,,,
14,ATR:1310-B2,14,17,400.0,1200.0,0.0,Foo,2025-08-15,2025-09-01,2027-08-31,2 years,,,GF.310,active,2026-07-23 02:43:43,,,
15,ATR:1310-D1,15,19,680.0,2040.0,0.0,Foo,2022-09-06,2026-09-01,2027-08-31,1 year,,99.0,GF.70,active,2026-07-23 02:43:43,,,
16,ATR:1312-C1,16,22,499.0,1497.0,0.0,Foo,2025-09-02,2025-09-01,2026-08-31,1 year,,,,active,2026-07-23 02:43:43,,,
17,ATR:1312-D1,17,23,499.0,1497.0,0.0,Foo,2025-08-16,2026-09-01,2027-08-31,1 year,,,,active,2026-07-23 02:43:43,,,
18,DAM:D1-0113-A1,18,24,750.0,2250.0,50.0,Catherine,2025-05-23,2026-06-01,2027-05-31,1 year,,,,active,2026-07-23 02:43:43,,,
19,DAM:D1-0113-B1,19,25,690.0,2070.0,100.0,Catherine,2026-05-28,2026-06-01,2027-05-31,1 year,,,GF(I).5,active,2026-07-23 02:43:43,,,
20,DAM:D1-0113-C1,20,26,790.0,1580.0,150.0,Catherine,2025-09-04,2025-09-01,2026-08-31,1 year,,,GF.325,active,2026-07-23 02:43:43,,,
21,DAM:D1-0113-D1,21,27,500.0,1500.0,50.0,Foo,2025-08-29,2025-09-01,2026-08-31,1 year,,,,active,2026-07-23 02:43:43,,,
22,DAM:D1-0210-A1,22,28,750.0,2250.0,100.0,Foo,2026-03-13,2026-04-01,2027-03-31,1 year,,,,active,2026-07-23 02:43:43,,,
23,DAM:D1-0210-B1,23,29,600.0,1200.0,100.0,Catherine,2026-05-02,2026-05-01,2027-04-30,1 year,,,GF.332,active,2026-07-23 02:43:43,,,
24,DAM:D1-0210-C1,24,30,900.0,2700.0,50.0,Foo,2025-08-12,2026-08-01,2027-07-31,1 year,,2007.0,,active,2026-07-23 02:43:43,,,
25,DAM:D1-0415-A1,25,32,690.0,1380.0,50.0,Foo,2024-05-23,2026-06-01,2027-05-31,1 year,,275.0,,active,2026-07-23 02:43:43,,,
26,DAM:D1-0415-B1,26,33,690.0,2070.0,50.0,Foo,2025-09-09,2025-09-01,2026-08-31,1 year,,,,active,2026-07-23 02:43:43,,,
27,DAM:D1-0415-C1,27,34,900.0,2700.0,50.0,Foo,2024-08-22,2025-09-01,2026-08-31,1 year,,,,active,2026-07-23 02:43:43,,,
28,DAM:D1-0415-D1,28,35,500.0,1000.0,50.0,Michael,2025-07-02,2026-07-01,2027-06-30,1 year,,,,active,2026-07-23 02:43:43,,,
29,DAM:D1-0501-A1,29,36,650.0,1300.0,50.0,Michael,2025-08-30,2026-09-01,2027-08-31,1 year,,,,active,2026-07-23 02:43:43,,,
30,DAM:D1-0501-B1,30,37,600.0,1800.0,100.0,Foo,2026-02-10,2026-03-01,2027-02-28,1 year,,,,active,2026-07-23 02:43:43,,,
31,DAM:D1-0501-D1,31,39,550.0,1650.0,50.0,Wong,2023-08-13,2025-09-01,2026-08-31,1 year,,977.0,GF.124,active,2026-07-23 02:43:43,,,
32,DAM:D1-0502-A1,32,40,650.0,1300.0,50.0,Michael,2025-07-05,2025-07-01,2027-06-30,1 year,,,,active,2026-07-23 02:43:43,,,
33,DAM:D1-0502-B1,33,41,690.0,2070.0,100.0,Foo,2026-05-15,2026-06-01,2027-05-31,1 year,,,,active,2026-07-23 02:43:43,,,
34,DAM:D1-0502-C1,34,42,900.0,2700.0,50.0,Foo,2026-01-02,2026-01-01,2026-12-31,1 year,,,,active,2026-07-23 02:43:43,,,
35,DAM:D1-0502-D1,35,43,590.0,1180.0,50.0,Catherine,2025-01-04,2026-01-01,2026-12-31,1 year,,,,active,2026-07-23 02:43:43,,,
36,DAM:D1-0912-B1,36,56,600.0,1200.0,50.0,Michael,2025-06-28,2026-07-01,2026-09-30,3 months,,,,active,2026-07-23 02:43:43,,,
37,DAM:D1-0912-C1,37,57,900.0,2700.0,50.0,Foo,2024-07-12,2026-05-01,2026-08-31,4 months,,1133.0,,active,2026-07-23 02:43:43,,,
38,DAM:D1-0912-D1,38,58,500.0,1000.0,50.0,Catherine,2025-05-24,2025-06-01,2027-05-31,1 year,2026-04-14,,Relocate to D1-0912-D1. GF.295,active,2026-07-23 02:43:43,,,
39,DAM:D1-1017-A1,39,59,690.0,2070.0,50.0,Michael,2025-05-16,2025-06-01,2027-05-31,1 year,,,,active,2026-07-23 02:43:43,,,
40,DAM:D1-1017-B1,40,60,690.0,2070.0,50.0,Michael,2025-05-17,2025-06-01,2027-05-31,1 year,,,,active,2026-07-23 02:43:43,,,
41,DAM:D1-1017-C1,41,61,790.0,1580.0,150.0,Catherine,2025-09-02,2025-09-01,2026-08-31,1 year,,,GF.297,active,2026-07-23 02:43:43,,,
42,DAM:D1-1017-D1,42,62,500.0,1500.0,50.0,Foo,2025-07-03,2025-07-01,2026-08-15,1 year,,,,active,2026-07-23 02:43:43,,,
43,DAM:D1-1417-A1,43,63,690.0,2070.0,50.0,Wong,2022-01-07,2026-01-01,2026-12-31,1 year,,3.0,,active,2026-07-23 02:43:43,,,
44,DAM:D1-1417-B1,44,64,690.0,2070.0,50.0,Wong,2025-07-31,2025-08-01,2026-07-31,1 year,,3139.0,,active,2026-07-23 02:43:43,,,
45,DAM:D1-1417-C1,45,65,900.0,1800.0,50.0,Catherine,2024-08-16,2026-09-01,2026-12-31,4 months,,,GF.245,active,2026-07-23 02:43:43,,,
46,DAM:D1-1417-D1,46,66,590.0,1770.0,100.0,Wong,2026-02-12,2026-02-01,2027-01-31,1 year,,,,active,2026-07-23 02:43:43,,,
47,DAM:D2-0310-A1,47,67,690.0,2070.0,50.0,Foo,2023-08-15,2026-09-01,2026-12-31,4 months,,750.0,GF.163,active,2026-07-23 02:43:43,,,
48,DAM:D2-0310-B1,48,68,690.0,2070.0,100.0,Wong,2025-07-01,2026-07-01,2026-12-31,6 months,,,,active,2026-07-23 02:43:43,,,
49,DAM:D2-0310-D1,49,70,590.0,1180.0,50.0,Foo,2024-09-05,2025-09-01,2026-08-31,1 year,,,GF.246,active,2026-07-23 02:43:43,,,
50,DAM:D2-0409-C1,50,73,900.0,1800.0,50.0,Catherine,2024-08-19,2025-09-01,2026-08-31,1 year,,146.0,GF.244,active,2026-07-23 02:43:43,,,
51,DAM:D2-0409-D1,51,74,590.0,1770.0,100.0,Wong,2026-02-12,2026-02-01,2027-01-31,1 year,,,,active,2026-07-23 02:43:43,,,
52,DAM:D2-0412-A1,52,75,690.0,1380.0,50.0,Catherine,2024-09-02,2026-09-01,2027-08-31,1 year,,,GF.262,active,2026-07-23 02:43:43,,,
53,DAM:D2-0412-B1,53,76,1000.0,3000.0,150.0,Ohanna,2026-01-02,2026-01-01,2026-12-31,1 year,,,,active,2026-07-23 02:43:43,,,
54,DAM:D2-0412-C1,54,77,900.0,1800.0,50.0,Foo,2024-07-09,2026-07-01,2027-06-30,1 year,,472.0,GF.234,active,2026-07-23 02:43:43,,,
55,DAM:D2-0412-D1,55,78,590.0,1180.0,50.0,Michael,2024-08-19,2025-09-01,2026-08-31,1 year,,1379.0,,active,2026-07-23 02:43:43,,,
56,DAM:D2-0504-A1,56,79,650.0,1300.0,50.0,Catherine,2025-07-05,2026-07-01,2027-06-30,1 year,,,GF.303,active,2026-07-23 02:43:43,,,
57,DAM:D2-0504-B1,57,80,690.0,2070.0,100.0,Ohanna,2026-05-30,2026-06-01,2027-05-31,1 year,,,,active,2026-07-23 02:43:43,,,
58,DAM:D2-0504-C1,58,81,900.0,2700.0,50.0,Catherine,2024-12-26,2026-01-01,2027-12-31,1 year,,,,active,2026-07-23 02:43:43,,,
59,DAM:D2-0504-D1,59,82,500.0,1000.0,50.0,Michael,2025-08-01,2026-08-01,2029-01-31,2½ years,,1.0,,active,2026-07-23 02:43:43,,,
60,DAM:D2-0505-B1,60,84,690.0,2070.0,50.0,Catherine,2024-02-15,2026-02-01,2027-01-31,1 year,,1635.0,GF(I).17,active,2026-07-23 02:43:43,,,
61,DAM:D2-0505-D1,61,86,490.0,980.0,50.0,Catherine,2023-12-30,,2026-12-31,,,149.0,GF.197,active,2026-07-23 02:43:43,,,
62,DAM:D2-0708-B1,62,88,690.0,1380.0,50.0,Catherine,2024-09-03,2026-09-01,2027-08-31,1 year,,,GF.233,active,2026-07-23 02:43:43,,,
63,DAM:D2-0708-D1,63,90,490.0,1470.0,50.0,Catherine,2026-01-30,2026-02-01,2027-01-31,1 year,,,GF.343,active,2026-07-23 02:43:43,,,
64,DAM:D2-0815-A1,64,91,750.0,1500.0,50.0,Michael,2025-01-20,2026-02-01,2027-01-31,1 year,,,,active,2026-07-23 02:43:43,,,
65,DAM:D2-0815-B1,65,92,650.0,1950.0,50.0,Foo,2025-10-01,2025-10-01,2026-09-30,1 year,,,,active,2026-07-23 02:43:43,,,
66,DAM:D2-0815-D1,66,94,490.0,980.0,50.0,Catherine,2025-09-18,2025-10-01,2026-09-30,1 year,,,GF.327,active,2026-07-23 02:43:43,,,
67,DAM:D2-0816-A1,67,95,690.0,2070.0,50.0,Catherine,2024-10-16,2025-10-01,2026-09-30,6 months,,3497.0,,active,2026-07-23 02:43:43,,,
68,DAM:D2-0816-C1,68,97,900.0,2700.0,50.0,Foo,2025-08-14,2026-09-01,2028-08-31,2 years,,1539.0,,active,2026-07-23 02:43:43,,,
69,DAM:D2-0816-D1,69,98,590.0,1770.0,50.0,Foo,2024-12-27,2026-01-01,2026-12-31,1 year,,,,active,2026-07-23 02:43:43,,,
70,DAM:D2-0909-A1,70,99,750.0,1500.0,50.0,Michael,2024-08-16,2026-09-01,2027-08-31,1 year,,,,active,2026-07-23 02:43:43,,,
71,DAM:D2-0909-B1,71,100,690.0,2070.0,50.0,Wong,2022-01-11,2026-01-01,2026-12-31,1 year,,,Relocate to D2-0909-B1.,active,2026-07-23 02:43:43,,,
72,DAM:D2-0909-D1,72,102,500.0,1500.0,50.0,Michael,2026-01-03,2026-01-01,2026-12-31,1 year,,,,active,2026-07-23 02:43:43,,,
73,DAM:D2-0912-A1,73,103,650.0,1300.0,50.0,Catherine,2025-07-04,2025-07-01,2026-08-31,2 months,,,GF.314,active,2026-07-23 02:43:43,,,
74,DAM:D2-0912-B1,74,104,690.0,2070.0,50.0,Catherine,2025-05-29,2025-06-01,2027-05-31,1 year,,,GF.282,active,2026-07-23 02:43:43,,,
75,DAM:D2-1109-A1,75,107,650.0,1300.0,50.0,Catherine,2025-05-26,2025-06-01,2026-08-31,3 months,,,GF.296,active,2026-07-23 02:43:43,,,
76,DAM:D2-1109-B1,76,108,600.0,1200.0,50.0,Catherine,2025-07-05,2026-07-01,2027-06-30,1 year,,,GF.308,active,2026-07-23 02:43:43,,,
77,DAM:D2-1109-C1,77,109,900.0,2700.0,50.0,Foo,2025-09-30,2025-10-01,2026-09-30,1 year,,,,active,2026-07-23 02:43:43,,,
78,DAM:D2-1109-D1,78,110,500.0,1500.0,50.0,Michael,2025-11-03,2025-11-01,2027-06-30,1 yr 8 m,,,,active,2026-07-23 02:43:43,,,
79,DAM:D2-1213-B1,79,112,600.0,1200.0,150.0,Catherine,2025-09-02,2025-09-01,2027-08-31,1 year,,,GF.299,active,2026-07-23 02:43:43,,,
80,DAM:D2-1213-C1,80,113,900.0,2700.0,50.0,Catherine,2024-08-02,2026-03-01,2026-07-31,3 months,,7915.0,,active,2026-07-23 02:43:43,,,
81,DAM:D2-1213-D1,81,114,590.0,1180.0,50.0,Foo,2024-06-01,2025-06-01,2027-05-31,1 year,,,GF.209,active,2026-07-23 02:43:43,,,
82,DAM:D3-0101-A1,82,115,690.0,1380.0,50.0,Catherine,2024-08-29,2026-01-01,2028-12-31,3 years,,,GF.255,active,2026-07-23 02:43:43,,,
83,DAM:D3-0101-B1,83,116,600.0,1800.0,50.0,Foo,2025-07-05,2026-07-01,2026-08-31,2 months,,,,active,2026-07-23 02:43:43,,,
84,DAM:D3-0101-D1,84,118,450.0,900.0,50.0,Catherine,2024-04-20,2026-05-01,2026-12-31,8 months,,1162.0,GF.214,active,2026-07-23 02:43:43,,,
85,DAM:D3-0116-A1,85,126,650.0,1300.0,50.0,Catherine,2025-08-29,2025-09-01,2026-08-31,1 year,,,GF.317,active,2026-07-23 02:43:43,,,
86,DAM:D3-0116-B1,86,127,600.0,1800.0,50.0,Foo,2025-08-14,2025-09-01,2026-08-31,1 year,,1460.0,,active,2026-07-23 02:43:43,,,
87,DAM:D3-0116-C1,87,128,790.0,1580.0,50.0,Catherine,2025-08-15,2026-09-01,2027-08-31,1 year,,,,active,2026-07-23 02:43:43,,,
88,DAM:D3-0313-B1,88,131,600.0,900.0,50.0,Michael,2025-07-05,2026-07-01,2026-08-15,1 month,,,,active,2026-07-23 02:43:43,,,
89,DAM:D3-0313-C1,89,132,900.0,2700.0,50.0,Catherine,2026-01-02,2026-01-01,2026-12-31,1 year,,,,active,2026-07-23 02:43:43,,,
90,DAM:D3-0313-D1,90,133,590.0,1180.0,50.0,Foo,2024-08-17,2025-09-01,2026-08-31,1 year,,,GF.236,active,2026-07-23 02:43:43,,,
91,DAM:D3-0413-B1,91,135,800.0,1600.0,150.0,Michael,2025-06-28,2026-07-01,2026-07-31,1 month,,,Relocate to NC-13A10-A1.,active,2026-07-23 02:43:43,,,
92,DAM:D3-0413-C1,92,136,800.0,2400.0,50.0,Foo,2025-12-29,2026-01-01,2026-12-31,1 year,,,,active,2026-07-23 02:43:43,,,
93,DAM:D3-0413-D1,93,137,500.0,1500.0,50.0,Michael,2025-10-09,2025-10-01,2026-09-30,1 year,,,,active,2026-07-23 02:43:43,,,
94,DAM:D3-0415-A1,94,138,600.0,1200.0,50.0,Michael,2024-09-04,2025-09-01,2027-08-31,2 years,,,GF.265,active,2026-07-23 02:43:43,,,
95,DAM:D3-0415-B1,95,139,690.0,2070.0,100.0,Ohanna,2026-02-20,2026-03-01,2027-02-28,1 year,,,,active,2026-07-23 02:43:43,,,
96,DAM:D3-0415-C1,96,140,900.0,2700.0,50.0,Catherine,2025-09-02,2025-09-01,2026-08-31,1 year,,,,active,2026-07-23 02:43:43,,,
97,DAM:D3-0415-D1,97,141,590.0,1770.0,100.0,Foo,2026-05-02,2026-05-01,2027-04-30,1 year,,,GF.353,active,2026-07-23 02:43:43,,,
98,DAM:D3-0705-A1,98,142,690.0,2070.0,50.0,Catherine,2023-08-19,2026-09-01,2026-12-31,4 months,,201.0,GF.164,active,2026-07-23 02:43:43,,,
99,DAM:D3-0705-B1,99,143,600.0,1800.0,100.0,Florence,2026-05-02,2026-05-01,2027-04-30,1 year,,,GF.359,active,2026-07-23 02:43:43,,,
100,DAM:D3-0705-C1,100,144,790.0,1580.0,50.0,Catherine,2026-01-01,2026-01-01,2026-12-31,1 year,,,GF.330,active,2026-07-23 02:43:43,,,
101,DAM:D3-0705-D1,101,145,490.0,980.0,50.0,Catherine,2025-07-05,2025-07-01,2026-08-15,2 months,,,GF.315,active,2026-07-23 02:43:43,,,
102,DAM:D3-0706-B1,102,147,590.0,1770.0,50.0,Catherine,2025-07-04,2026-07-01,2026-08-15,1 month,,,,active,2026-07-23 02:43:43,,,
103,DAM:D3-0706-D1,103,149,590.0,1180.0,50.0,Michael,2024-09-05,2025-09-01,2026-08-31,1 year,,,GF.267,active,2026-07-23 02:43:43,,,
104,DAM:D3-0714-A1,104,150,750.0,2250.0,100.0,Catherine,2026-05-02,2026-05-01,2027-04-30,1 year,,,GF.367,active,2026-07-23 02:43:43,,,
105,DAM:D3-0714-B1,105,151,600.0,1800.0,50.0,Foo,2025-07-05,2026-07-01,2029-06-30,3 years,,,,active,2026-07-23 02:43:43,,,
106,DAM:D3-0714-C1,106,152,900.0,2700.0,50.0,Wong,2023-04-12,2025-04-01,2027-03-31,1 year,,729.0,,active,2026-07-23 02:43:43,,,
107,DAM:D3-1010-A1,107,161,650.0,1950.0,50.0,Michael,2024-08-16,2025-09-01,2026-12-31,1 year 4 mths,,,,active,2026-07-23 02:43:43,,,
108,DAM:D3-1010-B1,108,162,690.0,2070.0,50.0,Foo,2023-05-19,2025-06-01,2026-08-31,3 months,,2.0,,active,2026-07-23 02:43:43,,,
109,DAM:D3-1010-C1,109,163,770.0,1540.0,50.0,Michael,2024-08-17,2025-09-01,2027-08-31,2 years,,1069.0,GF.260,active,2026-07-23 02:43:43,,,
110,DAM:D3-1013-A1,110,165,650.0,1300.0,50.0,Michael,2025-08-18,2026-09-01,2027-08-31,1 year,,,,active,2026-07-23 02:43:43,,,
111,DAM:D3-1013-B1,111,166,690.0,1380.0,50.0,Foo,2024-07-13,2026-01-01,2028-10-31,3 years,,1086.0,,active,2026-07-23 02:43:43,,,
112,DAM:D3-1013-C1,112,167,900.0,2700.0,50.0,Catherine,2023-08-20,2025-09-01,2026-08-31,1 year,,4069.0,GF.174,active,2026-07-23 02:43:43,,,
113,DAM:D3-1013-D1,113,168,500.0,1000.0,50.0,Wong,2025-08-16,2026-09-01,2027-08-31,1 year,,,GF.321,active,2026-07-23 02:43:43,,,
114,DAM:D3-1113-A1,114,169,700.0,2100.0,50.0,Catherine,2024-10-17,2025-11-01,2026-10-31,1 year,,,,active,2026-07-23 02:43:43,,,
115,DAM:D3-1113-B1,115,170,690.0,2070.0,50.0,Wong,2022-09-04,2025-12-01,2026-11-30,1 year,,2253.0,,active,2026-07-23 02:43:43,,,
116,DAM:D3-1113-D1,116,172,500.0,1000.0,50.0,Catherine,2025-08-23,2026-09-01,2027-08-31,1 year,,,GF..319,active,2026-07-23 02:43:43,,,
117,DAM:D3-1202-A1,117,173,600.0,1200.0,50.0,Michael,2025-08-16,2026-09-01,2027-08-31,1 year,,,,active,2026-07-23 02:43:43,,,
118,DAM:D3-1202-B1,118,174,690.0,1380.0,50.0,Michael,2025-01-03,2026-01-01,2026-12-31,1 year,,,,active,2026-07-23 02:43:43,,,
119,DAM:D3-1202-C1,119,175,900.0,2700.0,50.0,Foo,2025-08-12,2026-08-01,2026-12-31,5 months,,7102.0,,active,2026-07-23 02:43:43,,,
120,DAM:D3-1202-D1,120,176,500.0,1500.0,50.0,Michael,2025-08-01,2025-08-01,2026-07-31,1 year,,4818.0,,active,2026-07-23 02:43:43,,,
121,DAM:D3-1409-A1,121,177,750.0,2250.0,50.0,Foo,2026-01-03,2026-01-01,2026-12-31,1 year,,,,active,2026-07-23 02:43:43,,,
122,DAM:D3-1409-B1,122,178,690.0,1380.0,50.0,Catherine,2024-08-04,2025-08-01,2026-07-31,1 year,,,GF.258,active,2026-07-23 02:43:43,,,
123,DAM:D3-1409-C1,123,179,900.0,2700.0,50.0,Michael,2025-06-28,2025-07-01,2026-08-31,2 months,,,,active,2026-07-23 02:43:43,,,
124,DAM:D3-1510-B1,124,182,690.0,2070.0,50.0,Catherine,2023-05-27,2025-09-01,2028-01-31,2 years,,2447.0,GF(I).12,active,2026-07-23 02:43:43,,,
125,DAM:D3-1510-C1,125,183,900.0,2700.0,50.0,Foo,2025-08-11,2026-08-01,2027-05-31,10 months,,6352.0,,active,2026-07-23 02:43:43,,,
126,DAM:D3-1510-D1,126,184,590.0,1770.0,50.0,Wong,2023-08-08,2026-08-01,2026-09-30,2 months,,3738.0,Change room to SR2A-D1.,active,2026-07-23 02:43:43,,,
127,NDY:NB-0809-A1,127,185,800.0,2400.0,150.0,Michael,2025-06-28,2026-07-01,2027-06-30,1 year,,,,active,2026-07-23 02:43:43,,,
128,NDY:NB-0809-B1,128,186,850.0,2550.0,150.0,Michael,2025-05-16,2025-06-01,2027-05-31,1 year,,,,active,2026-07-23 02:43:43,,,
129,NDY:NB-0809-C1,129,187,1000.0,1700.0,150.0,Catherine,2025-07-01,2026-07-01,2026-07-31,1 month,,,GF.300,active,2026-07-23 02:43:43,,,
130,NDY:NB-0809-D1,130,188,1200.0,3600.0,150.0,Foo,2026-05-29,2026-06-04,2027-05-31,1 year,,,,active,2026-07-23 02:43:43,,,
131,NDY:NB-1107-A1,131,189,1000.0,3000.0,150.0,Foo,2025-05-16,2026-06-01,2027-05-31,1 year,,,,active,2026-07-23 02:43:43,,,
132,NDY:NB-1107-B1,132,190,850.0,2550.0,150.0,Foo,2025-05-24,2025-06-01,2027-05-31,2 years,,,,active,2026-07-23 02:43:43,,,
133,NDY:NB-1107-C1,133,191,900.0,1800.0,150.0,Catherine,2025-10-03,2025-10-01,2026-09-30,1 year,,,GF.328,active,2026-07-23 02:43:43,,,
134,NDY:NB-1107-D1,134,192,1200.0,3600.0,150.0,Catherine,2025-09-02,2025-09-01,2026-08-31,1 year,,,,active,2026-07-23 02:43:43,,,
135,NDY:NB-1210-A1,135,193,800.0,2400.0,150.0,Foo,2025-07-04,2026-07-01,2026-07-31,1 month,,,,active,2026-07-23 02:43:43,,,
136,NDY:NB-1210-B1,136,194,950.0,2850.0,150.0,Foo,2025-07-03,2026-07-01,2027-06-30,1 year,,,,active,2026-07-23 02:43:43,,,
137,NDY:NB-1210-D1,137,196,1200.0,3600.0,150.0,Foo,2026-05-05,2026-05-01,2027-04-30,1 year,,,,active,2026-07-23 02:43:43,,,
138,NDY:NB-1303-B1,138,202,1000.0,2000.0,150.0,Catherine,2026-01-03,2026-01-01,2026-12-31,1 year,,,GF.333,active,2026-07-23 02:43:43,,,
139,NDY:NB-1303-C1,139,203,950.0,1900.0,150.0,Michael,2025-07-03,2026-07-01,2027-06-30,1 year,,,,active,2026-07-23 02:43:43,,,
140,NDY:NB-1303-D1,140,204,1200.0,3600.0,150.0,Michael,2025-08-15,2025-09-01,2026-08-31,1 year,,,,active,2026-07-23 02:43:43,,,
141,NDY:NB-1306-A1,141,205,1000.0,3000.0,150.0,Ohanna,2026-05-29,2026-06-01,2027-05-31,1 year,,,,active,2026-07-23 02:43:43,,,
142,NDY:NB-1306-C1,142,207,1000.0,3000.0,150.0,Catherine,2026-05-30,2026-06-01,2027-05-31,1 year,,,GF.371,active,2026-07-23 02:43:43,,,
143,NDY:NB-1306-D1,143,208,1200.0,3600.0,150.0,Catherine,2026-05-02,2026-05-01,2027-04-30,1 year,,,GF.363,active,2026-07-23 02:43:43,,,
144,NDY:NB-13A02A-B1,144,210,850.0,2550.0,150.0,Foo,2025-05-05,2025-05-01,2028-04-30,3 years,,,,active,2026-07-23 02:43:43,,,
145,NDY:NB-13A02A-C1,145,211,1000.0,3000.0,150.0,Foo,2025-09-03,2026-09-01,2027-08-31,1 year,,,,active,2026-07-23 02:43:43,,,
146,NDY:NB-13A02A-D1,146,212,1200.0,3600.0,150.0,Foo,2025-05-31,2025-06-01,2027-05-31,1 year,,,,active,2026-07-23 02:43:43,,,
147,NDY:NB-13A11-A1,147,217,1080.0,1080.0,150.0,Foo,2026-06-18,2026-06-18,2026-09-17,3 months,,,,active,2026-07-23 02:43:43,,,
148,NDY:NB-13A11-B1,148,218,1500.0,1500.0,150.0,Foo,2026-07-04,2026-07-04,2026-08-03,1 month,,,,active,2026-07-23 02:43:43,,,
149,NDY:NB-13A11-C1,149,219,750.0,2250.0,150.0,Foo,2026-05-02,2026-05-01,2027-04-30,1 year,,,,active,2026-07-23 02:43:43,,,
150,NDY:NB-13A11-D1,150,221,750.0,2250.0,150.0,Foo,2026-05-29,2026-06-01,2027-05-31,1 year,,,GF.357,active,2026-07-23 02:43:43,,,
151,NDY:NB-13A11-D2,151,222,750.0,2250.0,150.0,Ohanna,2026-05-29,2026-06-01,2027-05-31,1 year,,,,active,2026-07-23 02:43:43,,,
152,NDY:NB-13A11A-A1,152,223,1000.0,3000.0,150.0,Florence,2026-05-02,2026-05-01,2027-04-30,1 year,,,GF.346,active,2026-07-23 02:43:43,,,
153,NDY:NB-13A11A-B1,153,224,1100.0,3300.0,150.0,Foo,2026-05-29,2026-06-01,2027-05-31,1 year,,,,active,2026-07-23 02:43:43,,,
154,NDY:NB-13A11A-C1,154,225,1200.0,3600.0,150.0,Foo,2026-06-01,2026-06-01,2027-05-31,1 year,,,GF.364,active,2026-07-23 02:43:43,,,
155,NDY:NB-1702-A1,155,227,1000.0,3000.0,150.0,Catherine,2026-01-05,2026-01-01,2026-12-31,1 year,,,,active,2026-07-23 02:43:43,,,
156,NDY:NB-1702-B1,156,228,1100.0,3300.0,150.0,Catherine,2026-05-26,2026-06-01,2027-05-31,1 year,,,,active,2026-07-23 02:43:43,,,
157,NDY:NB-1702-C1,157,229,1200.0,3600.0,150.0,Foo,2026-01-10,2026-01-01,2026-12-31,1 year,,,,active,2026-07-23 02:43:43,,,
158,NDY:NB-1702-D1,158,230,1300.0,3900.0,150.0,Foo,2026-04-29,2026-05-01,2027-04-30,1 year,,,,active,2026-07-23 02:43:43,,,
159,NDY:NB-1706-B1,159,232,1100.0,3300.0,150.0,Catherine,2026-05-02,2026-05-01,2027-04-30,1 year,,,,active,2026-07-23 02:43:43,,,
160,NDY:NB-1706-C1,160,233,1200.0,3600.0,150.0,Catherine,2026-05-29,2026-06-01,2027-05-31,1 year,,,GF.345,active,2026-07-23 02:43:43,,,
161,NDY:NB-1708-A1,161,239,4100.0,8200.0,1040.0,Foo,2026-01-02,2026-01-01,2026-12-31,1 year,,,,active,2026-07-23 02:43:43,,,
162,NDY:NB-1709-B1,162,248,1100.0,3300.0,150.0,Ohanna,2026-05-01,2026-05-01,2027-04-30,1 year,,,,active,2026-07-23 02:43:43,,,
163,NDY:NB-1709-C1,163,249,1200.0,3600.0,150.0,Florence,2026-05-01,2026-05-01,2027-04-30,1 year,,,GF.347,active,2026-07-23 02:43:43,,,
164,NDY:NC-0801-C1,164,261,1200.0,3600.0,150.0,Foo,2026-06-03,2026-06-01,2027-05-30,1 year,,,,active,2026-07-23 02:43:43,,,
165,NDY:NC-0801-D1,165,262,1200.0,2400.0,150.0,Catherine,2025-08-15,2025-09-01,2026-08-31,1 year,,,GF.318,active,2026-07-23 02:43:43,,,
166,NDY:NC-1001-A1,166,263,900.0,2700.0,150.0,Michael,2026-01-03,2026-01-01,2026-12-31,1 year,,,,active,2026-07-23 02:43:43,,,
167,NDY:NC-1001-B1,167,264,1100.0,3300.0,150.0,Foo,2026-02-21,2026-03-01,2027-02-28,1 year,,,,active,2026-07-23 02:43:43,,,
168,NDY:NC-1001-C1,168,265,1200.0,3600.0,150.0,Foo,2025-09-29,2025-10-01,2026-09-30,1 year,,,,active,2026-07-23 02:43:43,,,
169,NDY:NC-1001-D1,169,266,1300.0,3900.0,150.0,Foo,2025-08-29,2025-09-01,2026-08-31,1 year,,,,active,2026-07-23 02:43:43,,,
170,NDY:NC-1007-A1,170,267,800.0,2400.0,150.0,Catherine,2025-09-02,2026-09-01,2027-08-31,1 year,,,GF.294,active,2026-07-23 02:43:43,,,
171,NDY:NC-1007-B1,171,268,1100.0,2200.0,150.0,Michael,2025-09-06,2025-09-01,2026-08-31,1 year,,,,active,2026-07-23 02:43:43,,,
172,NDY:NC-1007-C1,172,269,1200.0,3600.0,150.0,Michael,2025-08-13,2026-08-01,2027-07-31,1 year,,0.0,,active,2026-07-23 02:43:43,,,
173,NDY:NC-1007-D1,173,270,1300.0,3900.0,150.0,Catherine,2026-01-03,2026-01-01,2026-12-31,1 year,,,GF.336,active,2026-07-23 02:43:43,,,
174,NDY:NC-1009-A1,174,271,900.0,2700.0,150.0,Michael,2026-01-03,2026-01-01,2026-12-31,1 year,,,,active,2026-07-23 02:43:43,,,
175,NDY:NC-1009-B1,175,272,1100.0,3300.0,150.0,Michael,2026-01-16,2026-02-01,2027-01-31,1 year,,,,active,2026-07-23 02:43:43,,,
176,NDY:NC-1009-C1,176,273,1200.0,3600.0,50.0,Catherine,2024-01-05,2026-01-01,2026-12-31,1 year,,2543.0,GF.202,active,2026-07-23 02:43:43,,,
177,NDY:NC-1011-A1,177,275,1000.0,3000.0,150.0,Foo,2025-12-29,2026-01-01,2026-12-31,1 year,,,,active,2026-07-23 02:43:43,,,
178,NDY:NC-1011-B1,178,276,1100.0,3300.0,150.0,Catherine,2025-12-29,2026-01-01,2026-12-31,1 year,,,GF.1i,active,2026-07-23 02:43:43,,,
179,NDY:NC-1011-C1,179,277,1100.0,2200.0,150.0,Catherine,2026-01-05,2026-01-01,2026-12-31,1 year,,,GF.331,active,2026-07-23 02:43:43,,,
180,NDY:NC-1011-D1,180,278,1200.0,3600.0,150.0,Catherine,2026-01-02,2026-01-01,2026-12-31,1 year,,,GF.335,active,2026-07-23 02:43:43,,,
181,NDY:NC-1111-A1,181,279,800.0,1600.0,150.0,Michael,2025-07-05,2025-07-01,2026-06-30,1 year,,,,active,2026-07-23 02:43:43,,,
182,NDY:NC-1111-B1,182,280,850.0,2550.0,150.0,Foo,2025-07-07,2026-07-01,2026-08-15,1 month,,,,active,2026-07-23 02:43:43,,,
183,NDY:NC-1111-C1,183,281,1200.0,3600.0,150.0,Foo,2025-09-03,2025-09-01,2026-08-31,1 year,,,,active,2026-07-23 02:43:43,,,
184,NDY:NC-1111-D1,184,282,1690.0,1690.0,150.0,Foo,2026-06-26,2026-06-26,2026-08-25,2 months,,,,active,2026-07-23 02:43:43,,,
185,NDY:NC-1203-A1,185,283,800.0,2400.0,150.0,Michael,2025-09-02,2025-09-01,2027-08-31,2 years,,,,active,2026-07-23 02:43:43,,,
186,NDY:NC-1203-B1,186,284,1100.0,3300.0,150.0,Foo,2026-05-30,2026-06-01,2028-05-31,2 years,,,,active,2026-07-23 02:43:43,,,
187,NDY:NC-1203-C1,187,285,1100.0,3300.0,150.0,Foo,2025-08-16,2025-09-01,2027-08-31,2 years,,,,active,2026-07-23 02:43:43,,,
188,NDY:NC-1208-A1,188,287,900.0,1800.0,150.0,Michael,2025-07-05,2026-07-01,2026-08-31,2 months,,,,active,2026-07-23 02:43:43,,,
189,NDY:NC-1208-B1,189,288,1100.0,3300.0,150.0,Foo,2025-10-06,2025-10-01,2026-09-30,1 year,,,,active,2026-07-23 02:43:43,,,
190,NDY:NC-1303-A1,190,291,900.0,2700.0,150.0,Michael,2025-10-03,2025-10-01,2026-09-30,1 year,,,,active,2026-07-23 02:43:43,,,
191,NDY:NC-1303-B1,191,292,1100.0,3300.0,150.0,Catherine,2026-05-29,2026-06-01,2027-05-31,1 year,,,GF.350,active,2026-07-23 02:43:43,,,
192,NDY:NC-1303-C1,192,293,1100.0,2200.0,150.0,Catherine,2026-01-03,2026-01-01,2026-12-31,1 year,,,GF.334,active,2026-07-23 02:43:43,,,
193,NDY:NC-1303-D1,193,294,1300.0,3900.0,150.0,Foo,2025-08-12,2026-08-01,2027-04-30,9 months,,726.0,,active,2026-07-23 02:43:43,,,
194,NDY:NC-1305-A1,194,295,800.0,1600.0,150.0,Michael,2025-07-05,2026-07-01,2026-07-31,1 month,,,,active,2026-07-23 02:43:43,,,
195,NDY:NC-1305-B1,195,296,850.0,2550.0,150.0,Catherine,2025-05-28,2026-06-01,2027-05-31,1 year,,,GF.283,active,2026-07-23 02:43:43,,,
196,NDY:NC-1305-C1,196,297,1100.0,3300.0,150.0,Catherine,2025-05-26,2026-06-01,2027-05-31,1 year,,,GF.281,active,2026-07-23 02:43:43,,,
197,NDY:NC-1305-D1,197,298,1300.0,3900.0,150.0,Foo,2026-05-28,2026-06-01,2027-05-31,1 year,,,,active,2026-07-23 02:43:43,,,
198,NDY:NC-1307-A1,198,299,1000.0,3000.0,150.0,Catherine,2025-12-30,2026-01-01,2026-12-31,1 year,,,,active,2026-07-23 02:43:43,,,
199,NDY:NC-1307-B1,199,300,850.0,2550.0,150.0,Catherine,2025-05-03,2025-05-01,2027-04-30,1 year,,,GF.280,active,2026-07-23 02:43:43,,,
200,NDY:NC-1307-C1,200,301,1100.0,3300.0,150.0,Foo,2025-05-03,2025-05-01,2027-04-30,1 year,,,,active,2026-07-23 02:43:43,,,
201,NDY:NC-1311-A1,201,303,1000.0,3000.0,150.0,Catherine,2026-04-29,2026-05-01,2027-04-30,1 year,,,GF.358,active,2026-07-23 02:43:43,,,
202,NDY:NC-1311-C1,202,305,1200.0,3600.0,150.0,Catherine,2025-01-06,2026-01-01,2026-12-31,1 year,,,,active,2026-07-23 02:43:43,,,
203,NDY:NC-1311-D1,203,306,1300.0,3900.0,150.0,Catherine,2025-05-29,2026-09-01,2026-10-31,2 months,,,,active,2026-07-23 02:43:43,,,
204,NDY:NC-1312A-A1,204,307,800.0,2400.0,150.0,Michael,2025-05-17,2025-06-01,2027-05-31,2 years,,,,active,2026-07-23 02:43:43,,,
205,NDY:NC-1312A-B1,205,308,1100.0,3300.0,150.0,Michael,2025-01-04,2026-01-01,2026-12-31,1 year,,,,active,2026-07-23 02:43:43,,,
206,NDY:NC-1312A-C1,206,309,1200.0,3600.0,150.0,Catherine,2024-10-28,2025-11-01,2026-10-31,1 year,,,,active,2026-07-23 02:43:43,,,
207,NDY:NC-1312A-D1,207,310,1300.0,3900.0,150.0,Foo,2025-09-29,2025-10-01,2026-09-30,1 year,,,,active,2026-07-23 02:43:43,,,
208,NDY:NC-13A10-C1,208,313,1200.0,3600.0,150.0,Foo,2026-04-28,2026-05-01,2027-04-30,1 year,,,,active,2026-07-23 02:43:43,,,
209,NDY:NC-13A10-D1,209,314,1300.0,2600.0,150.0,Catherine,2026-01-02,2026-01-01,2026-12-31,1 year,,,GF.337,active,2026-07-23 02:43:43,,,
210,NDY:NC-1511A-A1,210,315,800.0,2400.0,150.0,Michael,2025-09-03,2025-09-01,2026-08-31,1 year,,,,active,2026-07-23 02:43:43,,,
211,NDY:NC-1511A-C1,211,317,1100.0,3300.0,150.0,Catherine,2026-02-23,2026-03-01,2027-02-28,1 year,,,GF.345,active,2026-07-23 02:43:43,,,
212,NDY:NC-1511A-D1,212,318,1300.0,3900.0,150.0,Catherine,2025-08-28,2026-10-01,2027-09-30,1 year,,,,active,2026-07-23 02:43:43,,,
213,NDY:NC-1512-A1,213,319,1000.0,3000.0,150.0,Michael,2025-08-18,2026-09-01,2027-08-31,1 year,,,,active,2026-07-23 02:43:43,,,
214,NDY:NC-1512-B1,214,320,1100.0,3300.0,150.0,Catherine,2025-08-27,2026-09-01,2027-08-31,1 year,,,,active,2026-07-23 02:43:43,,,
215,NDY:NC-1512-C1,215,321,1200.0,3600.0,150.0,Catherine,2025-08-27,2025-09-01,2026-08-31,1 year,,,,active,2026-07-23 02:43:43,,,
216,NDY:NC-1512-D1,216,322,1300.0,3900.0,150.0,Catherine,2025-08-27,2026-09-01,2027-08-31,1 year,,,,active,2026-07-23 02:43:43,,,
217,NDY:NC-1602A-A1,217,323,1000.0,3000.0,150.0,Catherine,2025-09-18,2025-10-01,2026-09-30,1 year,,,,active,2026-07-23 02:43:43,,,
218,NDY:NC-1602A-C1,218,325,1200.0,3600.0,150.0,Foo,2025-08-14,2026-09-01,2027-08-31,1 year,,0.0,,active,2026-07-23 02:43:43,,,
219,NDY:NC-1602A-D1,219,326,1300.0,3900.0,150.0,Catherine,2025-08-14,2025-09-01,2026-08-31,1 year,,0.0,,active,2026-07-23 02:43:43,,,
220,NDY:NC-1605-A1,220,327,1000.0,3000.0,150.0,Ohanna,2026-05-30,2026-06-01,2027-05-31,1 year,,,,active,2026-07-23 02:43:43,,,
221,NDY:NC-1605-B1,221,328,1000.0,3000.0,150.0,Michael,2025-12-29,2026-01-01,2026-12-31,1 year,,,,active,2026-07-23 02:43:43,,,
222,NDY:NC-1605-D1,222,330,1300.0,3900.0,150.0,Catherine,2025-11-22,2025-12-01,2026-11-30,1 year,,,,active,2026-07-23 02:43:43,,,
223,NDY:NC-1607-A1,223,331,800.0,2400.0,150.0,Catherine,2025-04-19,2025-05-01,2027-04-30,2 years,,,GF.286,active,2026-07-23 02:43:43,,,
224,NDY:NC-1607-B1,224,332,1000.0,3000.0,150.0,Foo,2025-08-18,2025-09-01,2026-08-31,1 year,,,,active,2026-07-23 02:43:43,,,
225,NDY:NC-1607-D1,225,334,1300.0,3900.0,150.0,Catherine,2025-09-17,2025-10-01,2026-09-30,1 year,,,,active,2026-07-23 02:43:43,,,
226,NDY:NC-1609-C1,226,337,1100.0,3300.0,150.0,Michael,2025-07-03,2026-07-01,2027-06-30,1 year,,,,active,2026-07-23 02:43:43,,,
227,NDY:NC-1703-A1,227,339,800.0,1600.0,150.0,Foo,2025-07-04,2025-07-01,2029-06-30,4 years,,,,active,2026-07-23 02:43:43,,,
228,NDY:NC-1703-B1,228,340,1100.0,3300.0,150.0,Catherine,2025-08-27,2026-09-01,2027-08-31,1 year,,,,active,2026-07-23 02:43:43,,,
229,NDY:NC-1703-C1,229,341,1200.0,3600.0,150.0,Catherine,2025-07-03,2026-07-01,2027-06-30,1 year,,,,active,2026-07-23 02:43:43,,,
230,NDY:NC-1703-D1,230,342,1300.0,3900.0,150.0,Catherine,2025-07-01,2026-07-01,2027-06-30,1 year,,,,active,2026-07-23 02:43:43,,,
231,NDY:NC-1712-A1,231,343,1000.0,3000.0,150.0,Foo,2023-09-07,,2027-08-31,,,,,active,2026-07-23 02:43:43,,,
232,NDY:NC-1712-B1,232,344,1100.0,3300.0,150.0,Ohanna,2026-05-28,2026-06-01,2027-05-31,1 year,,,,active,2026-07-23 02:43:43,,,
233,NDY:NC-1712-C1,233,345,1200.0,3600.0,150.0,Ohanna,2026-05-28,2026-06-01,2027-05-31,1 year,,,,active,2026-07-23 02:43:43,,,
234,NDY:NC-1712-D1,234,346,1300.0,3900.0,150.0,Foo,2026-05-28,2026-06-01,2027-05-31,1 year,,,,active,2026-07-23 02:43:43,,,
235,NDY:NC-1809-A1,235,347,1000.0,3000.0,150.0,Catherine,2026-04-30,2026-05-01,2027-04-30,1 year,,,GF.362,active,2026-07-23 02:43:43,,,
236,NDY:NC-1809-C1,236,349,1200.0,3600.0,150.0,Catherine,2026-05-30,2026-06-01,2027-05-31,1 year,,,,active,2026-07-23 02:43:43,,,
237,NDY:NC-1812A-A1,237,351,900.0,2700.0,150.0,Michael,2026-01-03,2026-01-01,2026-12-31,1 year,,,,active,2026-07-23 02:43:43,,,
238,NDY:NC-1812A-C1,238,353,1200.0,3600.0,150.0,Catherine,2025-07-03,2026-07-01,2027-06-30,1 year,,,,active,2026-07-23 02:43:43,,,
239,NDY:NC-1812A-D1,239,354,1300.0,3900.0,150.0,Catherine,2025-07-02,2026-07-01,2027-06-30,1 year,,,,active,2026-07-23 02:43:43,,,
240,NDY:NC-1903-A1,240,355,1000.0,3000.0,150.0,Foo,2025-10-03,2025-10-01,2026-09-30,1 year,,,,active,2026-07-23 02:43:43,,,
241,NDY:NC-1903-B1,241,356,1320.0,1320.0,150.0,Foo,2026-07-09,2026-07-09,2026-09-08,2 months,,,CO. Keys returned to C-08-01 letterbox.,active,2026-07-23 02:43:43,,,
242,NDY:NC-1903-C1,242,357,1200.0,3600.0,150.0,Foo,2025-01-06,2026-01-01,2026-12-31,1 year,,,,active,2026-07-23 02:43:43,,,
243,NDY:NC-1903-D1,243,358,1300.0,3900.0,150.0,Foo,2025-10-09,2025-10-01,2026-09-30,1 year,,,,active,2026-07-23 02:43:43,,,
244,NDY:NC-1911A-A1,244,359,1000.0,3000.0,150.0,Catherine,2025-08-23,2026-09-01,2027-08-31,1 year,,,,active,2026-07-23 02:43:43,,,
245,NDY:NC-1911A-B1,245,360,1100.0,3300.0,150.0,Catherine,2026-05-28,2026-06-01,2027-05-31,1 year,,,GF.351,active,2026-07-23 02:43:43,,,
246,NDY:NC-1911A-C1,246,361,1200.0,3600.0,150.0,Catherine,2025-08-16,2026-09-01,2027-08-31,1 year,,,,active,2026-07-23 02:43:43,,,
247,NDY:NC-1911A-D1,247,362,1300.0,3900.0,150.0,Catherine,2025-08-16,2026-09-01,2027-08-31,1 year,,,,active,2026-07-23 02:43:43,,,
248,NDY:NE-0811A-B1,248,364,1000.0,2000.0,150.0,Foo,2025-08-18,2025-09-01,2026-08-31,1 year,,,,active,2026-07-23 02:43:43,,,
249,NDY:NE-0811A-C1,249,365,1000.0,3000.0,150.0,Michael,2025-09-03,2026-09-01,2027-08-31,1 year,,,,active,2026-07-23 02:43:43,,,
250,NDY:NE-0811A-D1,250,366,1200.0,2400.0,150.0,Michael,2025-08-16,2026-09-01,2028-08-31,2 years,,,,active,2026-07-23 02:43:43,,,
251,NDY:NE-1002-A1,251,367,600.0,1800.0,150.0,Foo,2026-05-11,2026-05-01,2027-04-30,1 year,,,GF.370,active,2026-07-23 02:43:43,,,
252,NDY:NE-1002-A2,252,368,600.0,1800.0,150.0,Florence,2026-05-30,2026-06-01,2027-05-31,1 year,,,GF.355,active,2026-07-23 02:43:43,,,
253,NDY:NE-1002-C1,253,371,650.0,1950.0,150.0,Michael,2025-01-02,2026-01-01,2026-12-31,1 year,,,,active,2026-07-23 02:43:43,,,
254,NDY:NE-1002-C2,254,372,650.0,1950.0,150.0,Foo,2026-01-07,2026-01-01,2026-12-31,1 year,,,,active,2026-07-23 02:43:43,,,
255,NDY:NE-1002-D2,255,374,750.0,2250.0,150.0,Catherine,2026-01-03,2026-01-01,2026-12-31,1 year,,,,active,2026-07-23 02:43:43,,,
256,NDY:NE-1006-A1,256,375,1000.0,3000.0,150.0,Catherine,2026-05-02,2026-05-01,2027-04-30,1 year,,,GF.354,active,2026-07-23 02:43:43,,,
257,NDY:NE-1006-B1,257,376,1320.0,1320.0,150.0,Foo,2026-05-24,2026-05-24,2026-08-23,3 months,,,,active,2026-07-23 02:43:43,,,
258,NDY:NE-1006-C1,258,377,850.0,2550.0,150.0,Foo,2025-05-02,2025-05-01,2027-04-30,1 year,,,,active,2026-07-23 02:43:43,,,
259,NDY:NE-1006-D1,259,378,1150.0,2300.0,150.0,Foo,2025-07-29,2025-08-01,2026-07-31,1 year,,0.0,,active,2026-07-23 02:43:43,,,
260,NDY:NE-1102A-A1,260,379,800.0,1600.0,150.0,Catherine,2025-07-05,2026-07-01,2026-12-31,6 months,,,GF.298,active,2026-07-23 02:43:43,,,
261,NDY:NE-1102A-B1,261,380,900.0,2700.0,150.0,Michael,2025-07-05,2026-07-01,2026-07-31,1 month,,,,active,2026-07-23 02:43:43,,,
262,NDY:NE-1102A-C1,262,381,1000.0,3000.0,150.0,Foo,2025-08-16,2025-09-01,2026-08-31,1 year,,,,active,2026-07-23 02:43:43,,,
263,NDY:NE-1102A-D1,263,382,1200.0,3600.0,150.0,Wong,2026-01-10,2026-01-01,2026-12-31,1 year,,,,active,2026-07-23 02:43:43,,,
264,NDY:NE-1105-A1,264,383,800.0,1600.0,150.0,Catherine,2025-07-21,2026-08-01,2027-07-31,1 year,,,GF.313,active,2026-07-23 02:43:43,,,
265,NDY:NE-1105-B1,265,384,900.0,2700.0,150.0,Foo,2025-08-16,2026-09-01,2027-08-31,1 year,,,,active,2026-07-23 02:43:43,,,
266,NDY:NE-1105-C1,266,385,900.0,1800.0,150.0,Catherine,2025-08-16,2026-09-01,2027-08-31,1 year,,,,active,2026-07-23 02:43:43,,,
267,NDY:NE-1105-D1,267,386,1200.0,2400.0,150.0,Catherine,2025-08-31,2025-09-01,2026-08-31,1 year,,,,active,2026-07-23 02:43:43,,,
268,NDY:NE-1111-A1,268,387,550.0,1100.0,150.0,Michael,2025-07-07,2026-07-01,2026-08-31,2 months,,,,active,2026-07-23 02:43:43,,,
269,NDY:NE-1111-A2,269,388,600.0,1800.0,150.0,Catherine,2026-06-03,2026-06-01,2027-05-31,1 year,,,GF.356,active,2026-07-23 02:43:43,,,
270,NDY:NE-1111-B1,270,389,620.0,1240.0,150.0,Michael,2025-07-05,2026-07-01,2028-06-30,2 years,,,,active,2026-07-23 02:43:43,,,
271,NDY:NE-1111-B2,271,390,620.0,1860.0,150.0,Ohanna,2026-05-30,2026-06-01,2027-05-31,1 year,,,,active,2026-07-23 02:43:43,,,
272,NDY:NE-1111-C1,272,391,650.0,1300.0,150.0,Catherine,2025-07-01,2026-07-01,2026-08-31,2 months,,,GF.305,active,2026-07-23 02:43:43,,,
273,NDY:NE-1111-C2,273,392,650.0,1300.0,150.0,Catherine,2025-07-04,2026-07-01,2026-08-31,2 months,,,GF.304,active,2026-07-23 02:43:43,,,
274,NDY:NE-1111-D1,274,393,650.0,1950.0,150.0,Wong,2025-08-11,2025-08-01,2026-07-31,1 year,,,,active,2026-07-23 02:43:43,,,
275,NDY:NE-1111-D2,275,394,650.0,1950.0,150.0,Wong,2025-08-11,2025-08-01,2026-07-31,1 year,,,,active,2026-07-23 02:43:43,,,
276,NDY:NE-1111A-A1,276,395,550.0,1100.0,150.0,Michael,2025-08-01,2025-08-01,2026-07-31,1 year,,472.0,,active,2026-07-23 02:43:43,,,
277,NDY:NE-1111A-A2,277,396,600.0,1800.0,150.0,Michael,2025-08-30,2026-09-01,2027-08-31,1 year,,,,active,2026-07-23 02:43:43,,,
278,NDY:NE-1111A-C1,278,399,650.0,1950.0,150.0,Michael,2025-07-05,2026-09-01,2027-08-31,1 year,,,,active,2026-07-23 02:43:43,,,
279,NDY:NE-1111A-C2,279,400,650.0,1300.0,150.0,Catherine,2025-07-05,2026-07-01,2026-08-15,1 month,,,GF.312,active,2026-07-23 02:43:43,,,
280,NDY:NE-1111A-D1,280,401,680.0,1360.0,150.0,Michael,2025-07-03,2026-07-01,2026-07-31,1 month,,,,active,2026-07-23 02:43:43,,,
281,NDY:NE-1111A-D2,281,402,750.0,2250.0,150.0,Foo,2025-08-16,2025-09-01,2026-08-31,1 year,,,,active,2026-07-23 02:43:43,,,
282,NDY:NE-1201-A1,282,403,3640.0,7280.0,640.0,Foo,2025-08-03,2025-08-01,2026-09-30,14 months,,,,active,2026-07-23 02:43:43,,,
283,NDY:NE-1201-A2,283,404,0.0,0.0,0.0,Foo,2025-08-03,2025-08-01,2026-09-30,14 months,,,,active,2026-07-23 02:43:43,,,
284,NDY:NE-1201-B1,284,405,0.0,0.0,0.0,Foo,2025-08-03,2025-08-01,2026-09-30,14 months,,,,active,2026-07-23 02:43:43,,,
285,NDY:NE-1201-B2,285,406,0.0,0.0,0.0,Foo,2025-08-03,2025-08-01,2026-09-30,14 months,,,,active,2026-07-23 02:43:43,,,
286,NDY:NE-1201-C1,286,407,0.0,0.0,0.0,Foo,2025-08-03,2025-08-01,2026-09-30,14 months,,,,active,2026-07-23 02:43:43,,,
287,NDY:NE-1201-C2,287,408,0.0,0.0,0.0,Foo,2025-08-03,2025-08-01,2026-09-30,14 months,,,,active,2026-07-23 02:43:43,,,
288,NDY:NE-1201-D1,288,409,0.0,0.0,0.0,Foo,2025-08-03,2025-08-01,2026-09-30,14 months,,,,active,2026-07-23 02:43:43,,,
289,NDY:NE-1201-D2,289,410,0.0,0.0,0.0,Foo,2025-08-03,2025-08-01,2026-09-30,14 months,,,,active,2026-07-23 02:43:43,,,
290,NDY:NE-1211-A1,290,411,800.0,2400.0,150.0,Michael,2025-07-05,2026-07-01,2026-08-31,2 months,,,,active,2026-07-23 02:43:43,,,
291,NDY:NE-1211-B1,291,412,1100.0,3300.0,150.0,Catherine,2025-08-15,2025-09-01,2026-08-31,1 year,,,,active,2026-07-23 02:43:43,,,
292,NDY:NE-1211-C1,292,413,900.0,2700.0,150.0,Foo,2025-08-30,2025-09-01,2026-08-31,1 year,,,,active,2026-07-23 02:43:43,,,
293,NDY:NE-1211-D1,293,414,1200.0,3600.0,150.0,Michael,2025-09-03,2025-09-01,2026-08-31,1 year,,,,active,2026-07-23 02:43:43,,,
294,NDY:NE-1303-C1,294,423,650.0,1300.0,150.0,Michael,2025-08-18,2025-09-01,2026-08-31,1 year,,,,active,2026-07-23 02:43:43,,,
295,NDY:NE-1303-C2,295,424,650.0,1950.0,150.0,Catherine,2025-12-29,2026-01-01,2026-12-31,1 year,,,GF.2i,active,2026-07-23 02:43:43,,,
296,NDY:NE-1303-D1,296,425,690.0,1380.0,150.0,Michael,2025-08-16,2026-09-01,2027-08-31,1 year,,,,active,2026-07-23 02:43:43,,,
297,NDY:NE-1303-D2,297,426,750.0,2250.0,150.0,Foo,2025-10-03,2025-10-01,2026-09-30,1 year,,,,active,2026-07-23 02:43:43,,,
298,NDY:NE-1310-C1,298,429,1000.0,3000.0,150.0,Catherine,2026-01-06,2026-01-01,2026-12-31,1 year,,,GF.342,active,2026-07-23 02:43:43,,,
299,NDY:NE-1310-D1,299,430,1200.0,3600.0,150.0,Michael,2026-01-03,2026-01-01,2026-12-31,1 year,,,,active,2026-07-23 02:43:43,,,
300,NDY:NE-1311A-A1,300,431,750.0,1500.0,150.0,Michael,2025-08-18,2025-09-01,2026-08-31,1 year,,,,active,2026-07-23 02:43:43,,,
301,NDY:NE-1311A-B1,301,433,580.0,1740.0,150.0,Foo,2025-08-30,2025-09-01,2026-08-31,1 year,,,,active,2026-07-23 02:43:43,,,
302,NDY:NE-1311A-B2,302,434,580.0,1160.0,150.0,Foo,2024-08-18,2025-09-01,2026-08-31,1 year,,511.0,GF.243,active,2026-07-23 02:43:43,,,
303,NDY:NE-1311A-C1,303,435,650.0,1950.0,150.0,Catherine,2025-08-16,2025-09-01,2026-08-31,1 year,,,GF.323,active,2026-07-23 02:43:43,,,
304,NDY:NE-1311A-D1,304,437,750.0,2250.0,150.0,Foo,2026-01-03,2026-01-01,2026-12-31,1 year,,,,active,2026-07-23 02:43:43,,,
305,NDY:NE-13A05-A1,305,439,3640.0,7280.0,640.0,Foo,2025-08-03,2025-08-01,2026-09-30,14 months,,,,active,2026-07-23 02:43:43,,,
306,NDY:NE-13A05-A2,306,440,0.0,0.0,0.0,Foo,2025-08-03,2025-08-01,2026-09-30,14 months,,,,active,2026-07-23 02:43:43,,,
307,NDY:NE-13A05-B1,307,441,0.0,0.0,0.0,Foo,2025-08-03,2025-08-01,2026-09-30,14 months,,,,active,2026-07-23 02:43:43,,,
308,NDY:NE-13A05-B2,308,442,0.0,0.0,0.0,Foo,2025-08-03,2025-08-01,2026-09-30,14 months,,,,active,2026-07-23 02:43:43,,,
309,NDY:NE-13A05-C1,309,443,0.0,0.0,0.0,Foo,2025-08-03,2025-08-01,2026-09-30,14 months,,,,active,2026-07-23 02:43:43,,,
310,NDY:NE-13A05-C2,310,444,0.0,0.0,0.0,Foo,2025-08-03,2025-08-01,2026-09-30,14 months,,,,active,2026-07-23 02:43:43,,,
311,NDY:NE-13A05-D1,311,445,0.0,0.0,0.0,Foo,2025-08-03,2025-08-01,2026-09-30,14 months,,,,active,2026-07-23 02:43:43,,,
312,NDY:NE-13A05-D2,312,446,0.0,0.0,0.0,Foo,2025-08-03,2025-08-01,2026-09-30,14 months,,,,active,2026-07-23 02:43:43,,,
313,NDY:NE-13A11A-A1,313,447,3640.0,7280.0,640.0,Foo,2025-08-03,2025-08-01,2026-09-30,14 months,,,,active,2026-07-23 02:43:43,,,
314,NDY:NE-13A11A-A2,314,448,0.0,0.0,0.0,Foo,2025-08-03,2025-08-01,2026-09-30,14 months,,,,active,2026-07-23 02:43:43,,,
315,NDY:NE-13A11A-B1,315,449,0.0,0.0,0.0,Foo,2025-08-03,2025-08-01,2026-09-30,14 months,,,,active,2026-07-23 02:43:43,,,
316,NDY:NE-13A11A-B2,316,450,0.0,0.0,0.0,Foo,2025-08-03,2025-08-01,2026-09-30,14 months,,,,active,2026-07-23 02:43:43,,,
317,NDY:NE-13A11A-C1,317,451,0.0,0.0,0.0,Foo,2025-08-03,2025-08-01,2026-09-30,14 months,,,,active,2026-07-23 02:43:43,,,
318,NDY:NE-13A11A-C2,318,452,0.0,0.0,0.0,Foo,2025-08-03,2025-08-01,2026-09-30,14 months,,,,active,2026-07-23 02:43:43,,,
319,NDY:NE-13A11A-D1,319,453,0.0,0.0,0.0,Foo,2025-08-03,2025-08-01,2026-09-30,14 months,,,,active,2026-07-23 02:43:43,,,
320,NDY:NE-13A11A-D2,320,454,0.0,0.0,0.0,Foo,2025-08-03,2025-08-01,2026-09-30,14 months,,,,active,2026-07-23 02:43:43,,,
321,NDY:NE-1503-A1,321,455,3640.0,7280.0,640.0,Foo,2025-08-03,2025-08-01,2026-09-30,14 months,,,,active,2026-07-23 02:43:43,,,
322,NDY:NE-1503-A2,322,456,0.0,0.0,0.0,Foo,2025-08-03,2025-08-01,2026-09-30,14 months,,,,active,2026-07-23 02:43:43,,,
323,NDY:NE-1503-B1,323,457,0.0,0.0,0.0,Foo,2025-08-03,2025-08-01,2026-09-30,14 months,,,,active,2026-07-23 02:43:43,,,
324,NDY:NE-1503-B2,324,458,0.0,0.0,0.0,Foo,2025-08-03,2025-08-01,2026-09-30,14 months,,,,active,2026-07-23 02:43:43,,,
325,NDY:NE-1503-C1,325,459,0.0,0.0,0.0,Foo,2025-08-03,2025-08-01,2026-09-30,14 months,,,,active,2026-07-23 02:43:43,,,
326,NDY:NE-1503-C2,326,460,0.0,0.0,0.0,Foo,2025-08-03,2025-08-01,2026-09-30,14 months,,,,active,2026-07-23 02:43:43,,,
327,NDY:NE-1503-D1,327,461,0.0,0.0,0.0,Foo,2025-08-03,2025-08-01,2026-09-30,14 months,,,,active,2026-07-23 02:43:43,,,
328,NDY:NE-1503-D2,328,462,0.0,0.0,0.0,Foo,2025-08-03,2025-08-01,2026-09-30,14 months,,,,active,2026-07-23 02:43:43,,,
329,NDY:NE-1505-A1,329,463,800.0,1600.0,150.0,Catherine,2025-09-02,2025-09-01,2026-08-31,1 year,,,GF.301,active,2026-07-23 02:43:43,,,
330,NDY:NE-1505-B1,330,464,1100.0,3300.0,150.0,Wong,2022-01-11,2025-09-01,2026-12-31,1 yr 4 mths,,167.0,,active,2026-07-23 02:43:43,,,
331,NDY:NE-1505-C1,331,465,900.0,1800.0,150.0,Catherine,2025-10-04,2025-10-01,2026-09-30,1 year,,,,active,2026-07-23 02:43:43,,,
332,NDY:NE-1505-D1,332,466,1200.0,3600.0,150.0,Foo,2025-09-29,2025-10-01,2026-09-30,1 year,,,,active,2026-07-23 02:43:43,,,
333,NDY:NE-1509-A1,333,467,3640.0,7280.0,640.0,Foo,2025-08-03,2025-08-01,2026-09-30,14 months,,,,active,2026-07-23 02:43:43,,,
334,NDY:NE-1509-A2,334,468,0.0,0.0,0.0,Foo,2025-08-03,2025-08-01,2026-09-30,14 months,,,,active,2026-07-23 02:43:43,,,
335,NDY:NE-1509-B1,335,469,0.0,0.0,0.0,Foo,2025-08-03,2025-08-01,2026-09-30,14 months,,,,active,2026-07-23 02:43:43,,,
336,NDY:NE-1509-B2,336,470,0.0,0.0,0.0,Foo,2025-08-03,2025-08-01,2026-09-30,14 months,,,,active,2026-07-23 02:43:43,,,
337,NDY:NE-1509-C1,337,471,0.0,0.0,0.0,Foo,2025-08-03,2025-08-01,2026-09-30,14 months,,,,active,2026-07-23 02:43:43,,,
338,NDY:NE-1509-C2,338,472,0.0,0.0,0.0,Foo,2025-08-03,2025-08-01,2026-09-30,14 months,,,,active,2026-07-23 02:43:43,,,
339,NDY:NE-1509-D1,339,473,0.0,0.0,0.0,Foo,2025-08-03,2025-08-01,2026-09-30,14 months,,,,active,2026-07-23 02:43:43,,,
340,NDY:NE-1509-D2,340,474,0.0,0.0,0.0,Foo,2025-08-03,2025-08-01,2026-09-30,14 months,,,,active,2026-07-23 02:43:43,,,
341,NDY:NE-1510-A1,341,475,800.0,2400.0,150.0,Foo,2025-08-18,2025-09-01,2026-08-31,1 year,,,,active,2026-07-23 02:43:43,,,
342,NDY:NE-1510-B1,342,476,900.0,2700.0,150.0,Foo,2025-08-18,2025-09-01,2026-08-31,1 year,,,,active,2026-07-23 02:43:43,,,
343,NDY:NE-1510-C1,343,477,900.0,2700.0,150.0,Foo,2025-08-16,2026-09-01,2027-08-31,1 year,,,,active,2026-07-23 02:43:43,,,
344,NDY:NE-1510-D1,344,478,1200.0,3600.0,150.0,Foo,2025-08-16,2026-09-01,2027-08-31,1 year,,,,active,2026-07-23 02:43:43,,,
345,NDY:NE-1512-B1,345,481,0.0,0.0,0.0,Foo,2025-08-03,2025-08-01,2026-09-30,14 months,,,,active,2026-07-23 02:43:43,,,
346,NDY:NE-1512-B2,346,482,0.0,0.0,0.0,Foo,2025-08-03,2025-08-01,2026-09-30,14 months,,,,active,2026-07-23 02:43:43,,,
347,NDY:NE-1512-C1,347,483,0.0,0.0,0.0,Foo,2025-08-03,2025-08-01,2026-09-30,14 months,,,,active,2026-07-23 02:43:43,,,
348,NDY:NE-1512-C2,348,484,0.0,0.0,0.0,Foo,2025-08-03,2025-08-01,2026-09-30,14 months,,,,active,2026-07-23 02:43:43,,,
349,NDY:NE-1512-D1,349,485,0.0,0.0,0.0,Foo,2025-08-03,2025-08-01,2026-09-30,14 months,,,,active,2026-07-23 02:43:43,,,
350,NDY:NE-1512-D2,350,486,0.0,0.0,0.0,Foo,2025-08-03,2025-08-01,2026-09-30,14 months,,,,active,2026-07-23 02:43:43,,,
351,NDY:NE-1605-A1,351,487,1000.0,3000.0,150.0,Foo,2026-01-03,2026-01-01,2026-12-31,1 year,,,,active,2026-07-23 02:43:43,,,
352,NDY:NE-1605-B1,352,488,1100.0,3300.0,150.0,Catherine,2026-04-27,2026-05-01,2027-04-30,1 year,,,,active,2026-07-23 02:43:43,,,
353,NDY:NE-1605-C1,353,489,650.0,1950.0,150.0,Florence,2026-04-30,2026-05-01,2027-04-30,1 year,,,,active,2026-07-23 02:43:43,,,
354,NDY:NE-1605-C2,354,490,650.0,1950.0,150.0,Florence,2026-04-30,2026-05-01,2027-04-30,1 year,,,,active,2026-07-23 02:43:43,,,
355,NDY:NE-1605-D1,355,491,750.0,2250.0,150.0,Catherine,2026-05-31,2026-06-01,2027-05-31,1 year,,,GF.349,active,2026-07-23 02:43:43,,,
356,NDY:NE-1605-D2,356,492,750.0,2250.0,150.0,Catherine,2026-05-31,2026-06-01,2027-05-31,1 year,,,GF.348,active,2026-07-23 02:43:43,,,
357,NDY:NE-1610-A1,357,493,900.0,1800.0,150.0,Catherine,2025-09-03,2025-09-01,2026-08-31,1 year,,,GF.324,active,2026-07-23 02:43:43,,,
358,NDY:NE-1610-B1,358,494,1100.0,3300.0,150.0,Foo,2026-01-05,2026-01-01,2026-12-31,1 year,,,,active,2026-07-23 02:43:43,,,
359,NDY:NE-1610-C1,359,495,1200.0,3600.0,150.0,Catherine,2025-08-18,2025-09-01,2026-08-31,1 year,,,,active,2026-07-23 02:43:43,,,
360,NDY:NE-1610-D1,360,496,1300.0,3900.0,150.0,Catherine,2025-08-16,2025-09-01,2026-08-31,1 year,,,,active,2026-07-23 02:43:43,,,
361,NDY:NE-1705-A1,361,497,800.0,2400.0,150.0,Foo,2025-07-05,2026-07-01,2027-06-30,1 year,,,GF.306,active,2026-07-23 02:43:43,,,
362,NDY:NE-1705-B1,362,498,900.0,2700.0,150.0,Foo,2025-07-05,2026-09-01,2027-08-31,1 year,,,,active,2026-07-23 02:43:43,,,
363,NDY:NE-1705-C1,363,499,900.0,1800.0,150.0,Catherine,2025-06-28,2026-07-01,2027-06-30,1 year,,,GF.307,active,2026-07-23 02:43:43,,,
364,NDY:NE-1705-D1,364,500,1200.0,3600.0,150.0,Catherine,2025-08-22,2025-09-01,2026-08-31,1 year,,,,active,2026-07-23 02:43:43,,,
365,NDY:NE-1709-A1,365,501,600.0,1200.0,150.0,Catherine,2025-07-03,2026-07-01,2026-08-31,2 months,,,GF.302,active,2026-07-23 02:43:43,,,
366,NDY:NE-1709-A2,366,502,600.0,1800.0,150.0,Ohanna,2026-04-17,2026-05-01,2027-04-30,1 year,,,,active,2026-07-23 02:43:43,,,
367,NDY:NE-1709-B2,367,504,620.0,1860.0,150.0,Foo,2025-09-25,2025-10-01,2026-09-30,1 year,,,,active,2026-07-23 02:43:43,,,
368,NDY:NE-1709-C1,368,505,650.0,1300.0,150.0,Michael,2025-08-16,2026-09-01,2026-12-31,4 months,,,,active,2026-07-23 02:43:43,,,
369,NDY:NE-1709-C2,369,506,650.0,1300.0,150.0,Michael,2025-08-18,2026-09-01,2027-08-31,1 year,,,,active,2026-07-23 02:43:43,,,
370,NDY:NE-1709-D1,370,507,900.0,2700.0,150.0,Michael,2025-10-07,2026-07-01,2026-07-31,1 month,,,,active,2026-07-23 02:43:43,,,
371,NDY:NE-1709-D2,371,508,750.0,1500.0,150.0,Michael,2025-10-06,2025-10-01,2026-09-30,1 year,,,,active,2026-07-23 02:43:43,,,
372,NDY:NE-1711-A1,372,509,750.0,2250.0,150.0,Catherine,2026-01-02,2026-01-01,2027-12-31,2 years,,,,active,2026-07-23 02:43:43,,,
373,NDY:NE-1711-B1,373,511,620.0,1860.0,150.0,Foo,2025-08-15,2026-09-01,2027-08-31,1 year,,,,active,2026-07-23 02:43:43,,,
374,NDY:NE-1711-B2,374,512,620.0,1860.0,150.0,Foo,2025-08-15,2026-09-01,2027-08-31,1 year,,,,active,2026-07-23 02:43:43,,,
375,NDY:NE-1711-C1,375,513,650.0,1300.0,150.0,Michael,2025-08-18,2026-09-01,2027-08-31,1 year,,,,active,2026-07-23 02:43:43,,,
376,NDY:NE-1711-D1,376,515,750.0,2250.0,150.0,Florence,2026-05-02,2026-05-01,2027-04-30,1 year,,,,active,2026-07-23 02:43:43,,,
377,NDY:NE-1711-D2,377,516,750.0,2250.0,150.0,Florence,2026-05-02,2026-05-01,2027-04-30,1 year,,,,active,2026-07-23 02:43:43,,,
378,NDY:NE-1711A-A1,378,517,3900.0,7800.0,640.0,Foo,2025-11-03,2025-11-01,2026-09-30,11 months,,,,active,2026-07-23 02:43:43,,,
379,NDY:NE-1711A-A2,379,518,0.0,0.0,0.0,Foo,2025-11-03,2025-11-01,2026-09-30,11 months,,,,active,2026-07-23 02:43:43,,,
380,NDY:NE-1711A-B1,380,519,0.0,0.0,0.0,Foo,2025-11-03,2025-11-01,2026-09-30,11 months,,,,active,2026-07-23 02:43:43,,,
381,NDY:NE-1711A-B2,381,520,0.0,0.0,0.0,Foo,2025-11-03,2025-11-01,2026-09-30,11 months,,,,active,2026-07-23 02:43:43,,,
382,NDY:NE-1711A-C1,382,521,0.0,0.0,0.0,Foo,2025-11-03,2025-11-01,2026-09-30,11 months,,,,active,2026-07-23 02:43:43,,,
383,NDY:NE-1711A-C2,383,522,0.0,0.0,0.0,Foo,2025-11-03,2025-11-01,2026-09-30,11 months,,,,active,2026-07-23 02:43:43,,,
384,NDY:NE-1711A-D1,384,523,0.0,0.0,0.0,Foo,2025-11-03,2025-11-01,2026-09-30,11 months,,,,active,2026-07-23 02:43:43,,,
385,NDY:NE-1711A-D2,385,524,0.0,0.0,0.0,Foo,2025-11-03,2025-11-01,2026-09-30,11 months,,,,active,2026-07-23 02:43:43,,,
386,NDY:NE-1801-A1,386,525,1000.0,3000.0,150.0,Ohanna,2026-05-30,2026-06-01,2027-05-31,1 year,,,,active,2026-07-23 02:43:43,,,
387,NDY:NE-1801-B1,387,526,1100.0,3300.0,150.0,Michael,2025-09-08,2026-09-01,2026-12-31,4 months,,,GF(I).1,active,2026-07-23 02:43:43,,,
388,NDY:NE-1801-D1,388,528,1200.0,3600.0,150.0,Catherine,2025-08-29,2025-09-01,2026-08-31,1 year,,,,active,2026-07-23 02:43:43,,,
389,NDY:NE-1805-A1,389,529,900.0,1800.0,150.0,Catherine,2025-09-03,2025-09-01,2026-08-31,1 year,,,GF.316,active,2026-07-23 02:43:43,,,
390,NDY:NE-1805-B1,390,530,1000.0,3000.0,150.0,Foo,2026-01-09,2026-01-01,2026-12-31,1 year,,,,active,2026-07-23 02:43:43,,,
391,NDY:NE-1805-C1,391,531,1200.0,2400.0,150.0,Catherine,2026-01-22,2026-02-01,2026-12-31,5 months,,,GF(I).4,active,2026-07-23 02:43:43,,,
392,NDY:NE-1805-D1,392,532,1560.0,1560.0,150.0,Foo,2025-09-17,2025-11-17,2026-08-16,3 months,,,,active,2026-07-23 02:43:43,,,
393,NDY:NE-1811-A1,393,533,800.0,1600.0,150.0,Michael,2025-06-28,2026-07-01,2026-08-31,2 months,,,,active,2026-07-23 02:43:43,,,
394,NDY:NE-1811-B1,394,534,1100.0,3300.0,150.0,Catherine,2025-08-30,2026-09-01,2027-08-31,1 year,,,,active,2026-07-23 02:43:43,,,
395,NDY:NE-1811-C1,395,535,900.0,2700.0,150.0,Foo,2025-09-03,2026-09-01,2027-08-31,1 year,,,,active,2026-07-23 02:43:43,,,
396,NDY:NE-1811-D1,396,536,1200.0,3600.0,150.0,Michael,2025-09-01,2025-09-01,2026-08-31,1 year,,,,active,2026-07-23 02:43:43,,,
397,NDY:NE-1903-A1,397,537,4100.0,8200.0,1040.0,Foo,2026-01-02,2026-01-01,2026-12-31,1 year,,,,active,2026-07-23 02:43:43,,,
398,NDY:NE-1911-A1,398,545,3640.0,7280.0,640.0,Foo,2025-08-03,2025-08-01,2026-09-30,14 months,,,,active,2026-07-23 02:43:43,,,
399,NDY:NE-1911-A2,399,546,0.0,0.0,0.0,Foo,2025-08-03,2025-08-01,2026-09-30,14 months,,,,active,2026-07-23 02:43:43,,,
400,NDY:NE-1911-B1,400,547,0.0,0.0,0.0,Foo,2025-08-03,2025-08-01,2026-09-30,14 months,,,,active,2026-07-23 02:43:43,,,
401,NDY:NE-1911-B2,401,548,0.0,0.0,0.0,Foo,2025-08-03,2025-08-01,2026-09-30,14 months,,,,active,2026-07-23 02:43:43,,,
402,NDY:NE-1911-C1,402,549,0.0,0.0,0.0,Foo,2025-08-03,2025-08-01,2026-09-30,14 months,,,,active,2026-07-23 02:43:43,,,
403,NDY:NE-1911-C2,403,550,0.0,0.0,0.0,Foo,2025-08-03,2025-08-01,2026-09-30,14 months,,,,active,2026-07-23 02:43:43,,,
404,NDY:NE-1911-C3,404,551,0.0,0.0,0.0,Foo,2025-08-03,2025-08-01,2026-09-30,14 months,,,,active,2026-07-23 02:43:43,,,
405,NDY:NE-1911-D1,405,552,0.0,0.0,0.0,Foo,2025-08-03,2025-08-01,2026-09-30,14 months,,,,active,2026-07-23 02:43:43,,,
406,NDY:NE-1911-D2,406,553,0.0,0.0,0.0,Foo,2025-08-03,2025-08-01,2026-09-30,14 months,,,,active,2026-07-23 02:43:43,,,
407,NDY:NE-1911-D3,407,554,0.0,0.0,0.0,Foo,2025-08-03,2025-08-01,2026-09-30,14 months,,,,active,2026-07-23 02:43:43,,,
408,SHP:16-2-A2,408,556,600.0,0.0,150.0,Catherine,2024-08-16,,2026-08-31,,2027-08-31,2830.0,GF.235,active,2026-07-23 02:43:43,0.0,,
409,SHP:16-2-D1,409,559,550.0,1650.0,50.0,Catherine,2025-05-06,2025-05-01,2027-04-30,1 year,,,GF.278,active,2026-07-23 02:43:43,,,
410,SHP:16-2-G1,410,562,600.0,1200.0,50.0,Michael,2025-09-02,2025-09-01,2026-08-31,1 year,,,,active,2026-07-23 02:43:43,,,
411,SHP:16-2-H1,411,563,600.0,1800.0,50.0,Catherine,2025-05-23,2026-06-01,2027-05-31,1 year,,,GF.279,active,2026-07-23 02:43:43,,,
412,SHP:16-3-B1,412,565,650.0,1950.0,50.0,Wong,2025-08-18,2025-09-01,2026-08-31,1 year,,,,active,2026-07-23 02:43:43,,,
413,SHP:16-3-G1,413,570,500.0,1500.0,50.0,Peter,2022-01-06,2026-07-01,2026-07-31,1 month,,1526.0,,active,2026-07-23 02:43:43,,,
414,SHP:16-3-H2,414,572,400.0,800.0,50.0,Michael,2025-07-05,2026-07-01,2026-08-31,2 months,,,,active,2026-07-23 02:43:43,,,
415,SR:SR2A-A1,415,575,6800.0,13600.0,1500.0,Foo,2025-11-03,2025-11-01,2026-09-30,11 months,,,,active,2026-07-23 02:43:43,,,
416,SR:SR2A-A2,416,576,0.0,0.0,0.0,Foo,2025-11-03,2025-11-01,2026-09-30,11 months,,,,active,2026-07-23 02:43:43,,,
417,SR:SR2A-B1,417,577,0.0,0.0,0.0,Foo,2025-11-03,2025-11-01,2026-09-30,11 months,,,,active,2026-07-23 02:43:43,,,
418,SR:SR2A-B2,418,578,0.0,0.0,0.0,Foo,2025-11-03,2025-11-01,2026-09-30,11 months,,,,active,2026-07-23 02:43:43,,,
419,SR:SR2A-B3,419,579,0.0,0.0,0.0,Foo,2025-11-03,2025-11-01,2026-09-30,11 months,,,,active,2026-07-23 02:43:43,,,
420,SR:SR2A-B4,420,580,0.0,0.0,0.0,Foo,2025-11-03,2025-11-01,2026-09-30,11 months,,,,active,2026-07-23 02:43:43,,,
421,SR:SR2A-C1,421,581,0.0,0.0,0.0,Foo,2025-11-03,2025-11-01,2026-09-30,11 months,,,,active,2026-07-23 02:43:43,,,
422,SR:SR2A-C2,422,582,0.0,0.0,0.0,Foo,2025-11-03,2025-11-01,2026-09-30,11 months,,,,active,2026-07-23 02:43:43,,,
423,SR:SR2A-D1,423,583,0.0,0.0,0.0,Foo,2025-11-03,2025-11-01,2026-09-30,11 months,,,,active,2026-07-23 02:43:43,,,
424,SR:SR2A-E1,424,584,0.0,0.0,0.0,Foo,2025-11-03,2025-11-01,2026-09-30,11 months,,,,active,2026-07-23 02:43:43,,,
425,SR:SR2A-E2,425,585,0.0,0.0,0.0,Foo,2025-11-03,2025-11-01,2026-09-30,11 months,,,,active,2026-07-23 02:43:43,,,
426,SR:SR2A-E3,426,586,0.0,0.0,0.0,Foo,2025-11-03,2025-11-01,2026-09-30,11 months,,,,active,2026-07-23 02:43:43,,,
427,SR:SR2A-E4,427,587,0.0,0.0,0.0,Foo,2025-11-03,2025-11-01,2026-09-30,11 months,,,,active,2026-07-23 02:43:43,,,
428,SR:SR2A-F1,428,588,0.0,0.0,0.0,Foo,2025-11-03,2025-11-01,2026-09-30,11 months,,,,active,2026-07-23 02:43:43,,,
429,SR:SR2A-F2,429,589,0.0,0.0,0.0,Foo,2025-11-03,2025-11-01,2026-09-30,11 months,,,,active,2026-07-23 02:43:43,,,
430,SR:SR3-A1,430,590,2000.0,4000.0,400.0,Foo,2026-02-22,2026-02-22,2026-10-21,8 months,,,,active,2026-07-23 02:43:43,,,
431,SR:SR3-A2,431,591,0.0,0.0,0.0,Foo,2026-02-22,2026-02-22,2026-10-21,8 months,,,,active,2026-07-23 02:43:43,,,
432,SR:SR3-B1,432,592,1000.0,2000.0,200.0,Foo,2026-03-30,2026-04-01,2026-12-31,9 months,,,,active,2026-07-23 02:43:43,,,
433,SR:SR3-B2,433,593,0.0,0.0,0.0,Foo,2026-03-30,2026-04-01,2026-12-31,9 months,,,,active,2026-07-23 02:43:43,,,
434,SR:SR3-D1,434,595,0.0,0.0,0.0,Foo,2026-02-22,2026-02-22,2026-10-21,8 months,,,,active,2026-07-23 02:43:43,,,
435,SR:SR3-D2,435,596,0.0,0.0,0.0,Foo,2026-02-22,2026-02-22,2026-10-21,8 months,,,,active,2026-07-23 02:43:43,,,
436,SR:SR3-F2,436,599,650.0,1950.0,50.0,Foo,2025-08-11,2026-08-01,2027-07-31,1 year,,,,active,2026-07-23 02:43:43,,,
437,SR:SR5-A1,437,603,7400.0,14800.0,1700.0,Foo,2026-03-30,2026-04-01,2026-09-30,6 months,,,,active,2026-07-23 02:43:43,,,
438,SR:SR5-A2,438,604,0.0,0.0,0.0,Foo,2026-03-30,2026-04-01,2026-09-30,6 months,,,,active,2026-07-23 02:43:43,,,
439,SR:SR5-C1,439,605,0.0,0.0,0.0,Foo,2026-03-30,2026-04-01,2026-09-30,6 months,,,,active,2026-07-23 02:43:43,,,
440,SR:SR5-C2,440,606,0.0,0.0,0.0,Foo,2026-03-30,2026-04-01,2026-09-30,6 months,,,,active,2026-07-23 02:43:43,,,
441,SR:SR5-C3,441,607,0.0,0.0,0.0,Foo,2026-03-30,2026-04-01,2026-09-30,6 months,,,,active,2026-07-23 02:43:43,,,
442,SR:SR5-C4,442,608,0.0,0.0,0.0,Foo,2026-03-30,2026-04-01,2026-09-30,6 months,,,,active,2026-07-23 02:43:43,,,
443,SR:SR5-D1,443,609,0.0,0.0,0.0,Foo,2026-03-30,2026-04-01,2026-09-30,6 months,,,,active,2026-07-23 02:43:43,,,
444,SR:SR5-D2,444,610,0.0,0.0,0.0,Foo,2026-03-30,2026-04-01,2026-09-30,6 months,,,,active,2026-07-23 02:43:43,,,
445,SR:SR5-E1,445,611,0.0,0.0,0.0,Foo,2026-03-30,2026-04-01,2026-09-30,6 months,,,,active,2026-07-23 02:43:43,,,
446,SR:SR5-F1,446,612,0.0,0.0,0.0,Foo,2026-03-30,2026-04-01,2026-09-30,6 months,,,,active,2026-07-23 02:43:43,,,
447,SR:SR5-F2,447,613,0.0,0.0,0.0,Foo,2026-03-30,2026-04-01,2026-09-30,6 months,,,,active,2026-07-23 02:43:43,,,
448,SR:SR5-F3,448,614,0.0,0.0,0.0,Foo,2026-03-30,2026-04-01,2026-09-30,6 months,,,,active,2026-07-23 02:43:43,,,
449,SR:SR5-F4,449,615,0.0,0.0,0.0,Foo,2026-03-30,2026-04-01,2026-09-30,6 months,,,,active,2026-07-23 02:43:43,,,
450,SR:SR5-G1,450,616,0.0,0.0,0.0,Foo,2026-03-30,2026-04-01,2026-09-30,6 months,,,,active,2026-07-23 02:43:43,,,
451,SR:SR5-H1,451,617,0.0,0.0,0.0,Foo,2026-03-30,2026-04-01,2026-09-30,6 months,,,,active,2026-07-23 02:43:43,,,
452,SR:SR5-H2,452,618,0.0,0.0,0.0,Foo,2026-03-30,2026-04-01,2026-09-30,6 months,,,,active,2026-07-23 02:43:43,,,
453,SR:SR5-H3,453,619,0.0,0.0,0.0,Foo,2026-03-30,2026-04-01,2026-09-30,6 months,,,,active,2026-07-23 02:43:43,,,
454,SR:SR12-A1,454,620,7400.0,14800.0,1700.0,Foo,2026-03-30,2026-04-01,2026-12-31,9 months,,,,active,2026-07-23 02:43:43,,,
455,SR:SR12-A2,455,621,0.0,0.0,0.0,Foo,2026-03-30,2026-04-01,2026-12-31,9 months,,,,active,2026-07-23 02:43:43,,,
456,SR:SR12-B1,456,622,0.0,0.0,0.0,Foo,2026-03-30,2026-04-01,2026-12-31,9 months,,,,active,2026-07-23 02:43:43,,,
457,SR:SR12-B2,457,623,0.0,0.0,0.0,Foo,2026-03-30,2026-04-01,2026-12-31,9 months,,,,active,2026-07-23 02:43:43,,,
458,SR:SR12-B3,458,624,0.0,0.0,0.0,Foo,2026-03-30,2026-04-01,2026-12-31,9 months,,,,active,2026-07-23 02:43:43,,,
459,SR:SR12-B4,459,625,0.0,0.0,0.0,Foo,2026-03-30,2026-04-01,2026-12-31,9 months,,,,active,2026-07-23 02:43:43,,,
460,SR:SR12-C1,460,626,0.0,0.0,0.0,Foo,2026-03-30,2026-04-01,2026-12-31,9 months,,,,active,2026-07-23 02:43:43,,,
461,SR:SR12-C2,461,627,0.0,0.0,0.0,Foo,2026-03-30,2026-04-01,2026-12-31,9 months,,,,active,2026-07-23 02:43:43,,,
462,SR:SR12-D1,462,628,0.0,0.0,0.0,Foo,2026-03-30,2026-04-01,2026-12-31,9 months,,,,active,2026-07-23 02:43:43,,,
463,SR:SR12-E1,463,629,0.0,0.0,0.0,Foo,2026-03-30,2026-04-01,2026-12-31,9 months,,,,active,2026-07-23 02:43:43,,,
464,SR:SR12-E2,464,630,0.0,0.0,0.0,Foo,2026-03-30,2026-04-01,2026-12-31,9 months,,,,active,2026-07-23 02:43:43,,,
465,SR:SR12-E3,465,631,0.0,0.0,0.0,Foo,2026-03-30,2026-04-01,2026-12-31,9 months,,,,active,2026-07-23 02:43:43,,,
466,SR:SR12-E4,466,632,0.0,0.0,0.0,Foo,2026-03-30,2026-04-01,2026-12-31,9 months,,,,active,2026-07-23 02:43:43,,,
467,SR:SR12-F1,467,633,0.0,0.0,0.0,Foo,2026-03-30,2026-04-01,2026-12-31,9 months,,,,active,2026-07-23 02:43:43,,,
468,SR:SR12-F2,468,634,0.0,0.0,0.0,Foo,2026-03-30,2026-04-01,2026-12-31,9 months,,,,active,2026-07-23 02:43:43,,,
469,SR:SR12-F3,469,635,0.0,0.0,0.0,Foo,2026-03-30,2026-04-01,2026-12-31,9 months,,,,active,2026-07-23 02:43:43,,,
470,SR:SR12-F4,470,636,0.0,0.0,0.0,Foo,2026-03-30,2026-04-01,2026-12-31,9 months,,,,active,2026-07-23 02:43:43,,,
471,SR:SR31-A1,471,655,6800.0,13600.0,1500.0,Foo,2026-02-22,2026-02-22,2026-10-21,8 months,,,,active,2026-07-23 02:43:43,,,
472,SR:SR31-A2,472,656,0.0,0.0,0.0,Foo,2026-02-22,2026-02-22,2026-10-21,8 months,,,,active,2026-07-23 02:43:43,,,
473,SR:SR31-B1,473,657,0.0,0.0,0.0,Foo,2026-02-22,2026-02-22,2026-10-21,8 months,,,,active,2026-07-23 02:43:43,,,
474,SR:SR31-B2,474,658,0.0,0.0,0.0,Foo,2026-02-22,2026-02-22,2026-10-21,8 months,,,,active,2026-07-23 02:43:43,,,
475,SR:SR31-B3,475,659,0.0,0.0,0.0,Foo,2026-02-22,2026-02-22,2026-10-21,8 months,,,,active,2026-07-23 02:43:43,,,
476,SR:SR31-B4,476,660,0.0,0.0,0.0,Foo,2026-02-22,2026-02-22,2026-10-21,8 months,,,,active,2026-07-23 02:43:43,,,
477,SR:SR31-C1,477,661,0.0,0.0,0.0,Foo,2026-02-22,2026-02-22,2026-10-21,8 months,,,,active,2026-07-23 02:43:43,,,
478,SR:SR31-C2,478,662,0.0,0.0,0.0,Foo,2026-02-22,2026-02-22,2026-10-21,8 months,,,,active,2026-07-23 02:43:43,,,
479,SR:SR31-D1,479,663,0.0,0.0,0.0,Foo,2026-02-22,2026-02-22,2026-10-21,8 months,,,,active,2026-07-23 02:43:43,,,
480,SR:SR31-E1,480,664,0.0,0.0,0.0,Foo,2026-02-22,2026-02-22,2026-10-21,8 months,,,,active,2026-07-23 02:43:43,,,
481,SR:SR31-E2,481,665,0.0,0.0,0.0,Foo,2026-02-22,2026-02-22,2026-10-21,8 months,,,,active,2026-07-23 02:43:43,,,
482,SR:SR31-E3,482,666,0.0,0.0,0.0,Foo,2026-02-22,2026-02-22,2026-10-21,8 months,,,,active,2026-07-23 02:43:43,,,
483,SR:SR31-E4,483,667,0.0,0.0,0.0,Foo,2026-02-22,2026-02-22,2026-10-21,8 months,,,,active,2026-07-23 02:43:43,,,
484,SR:SR31-F1,484,668,0.0,0.0,0.0,Foo,2026-02-22,2026-02-22,2026-10-21,8 months,,,,active,2026-07-23 02:43:43,,,
485,SR:SR31-F2,485,669,0.0,0.0,0.0,Foo,2026-02-22,2026-02-22,2026-10-21,8 months,,,,active,2026-07-23 02:43:43,,,
487,reservation:2,487,54,,,,Ohanna,2026-08-27,2026-08-27,,,,,,active,2026-07-24 07:48:05,,,2
488,reservation:4,488,47,,,,Peter,2026-07-28,2026-07-28,,,,,"Admin Fee done, but the others hasn't",active,2026-07-28 01:56:06,,,4
