id,room_id,bed_label,legacy_code,status,special_use,monthly_rental,legacy_access_card_deposit,updated_at,bed_type,meter_serial
1,1,1,1201-A1,vacant,,399.0,0.0,2026-07-30T02:42:34.737Z,single,
2,1,2,1201-A2,occupied,,399.0,0.0,2026-07-23 02:43:43,unknown,
3,2,1,1201-B1,occupied,,700.0,0.0,2026-07-23 02:43:43,unknown,
4,3,1,1201-C1,vacant,,,,2026-07-23T15:05:01.261Z,unknown,
5,4,1,1201-D1,occupied,,599.0,0.0,2026-07-23 02:43:43,unknown,
6,5,1,1304-A1,special-use,Currently Storeroom,,0.0,2026-07-23 02:43:43,unknown,
7,5,2,1304-A2,special-use,Currently Storeroom,,0.0,2026-07-23 02:43:43,unknown,
8,6,1,1304-B1,occupied,,800.0,0.0,2026-07-23 02:43:43,unknown,
9,7,1,1304-C1,occupied,,499.0,0.0,2026-07-23 02:43:43,unknown,
10,8,1,1304-D1,occupied,,680.0,0.0,2026-07-23 02:43:43,unknown,
11,9,1,1309-A1,occupied,,690.0,0.0,2026-07-23 02:43:43,unknown,
12,10,1,1309-B1,occupied,,800.0,0.0,2026-07-23 02:43:43,unknown,
13,11,1,1309-C1,occupied,,580.0,0.0,2026-07-23 02:43:43,unknown,
14,12,1,1309-D1,occupied,,680.0,0.0,2026-07-23 02:43:43,unknown,
15,13,1,1310-A1,occupied,,690.0,0.0,2026-07-23 02:43:43,unknown,
16,14,1,1310-B1,occupied,,449.0,0.0,2026-07-23 02:43:43,unknown,
17,14,2,1310-B2,occupied,,400.0,0.0,2026-07-23 02:43:43,unknown,
18,15,1,1310-C1,vacant,,,,2026-07-23 02:43:43,unknown,
19,16,1,1310-D1,occupied,,680.0,0.0,2026-07-23 02:43:43,unknown,
20,17,1,1312-A1,vacant,,,,2026-07-23 02:43:43,unknown,
21,18,1,1312-B1,vacant,,,0.0,2026-07-23 02:43:43,unknown,
22,19,1,1312-C1,occupied,,499.0,0.0,2026-07-23 02:43:43,unknown,
23,20,1,1312-D1,occupied,,499.0,0.0,2026-07-23 02:43:43,unknown,
24,21,1,D1-0113-A1,occupied,,750.0,50.0,2026-07-23 02:43:43,unknown,
25,22,1,D1-0113-B1,occupied,,690.0,100.0,2026-07-23 02:43:43,unknown,
26,23,1,D1-0113-C1,occupied,,790.0,150.0,2026-07-23 02:43:43,unknown,
27,24,1,D1-0113-D1,occupied,,500.0,50.0,2026-07-23 02:43:43,unknown,
28,25,1,D1-0210-A1,occupied,,750.0,100.0,2026-07-23 02:43:43,unknown,
29,26,1,D1-0210-B1,occupied,,600.0,100.0,2026-07-23 02:43:43,unknown,
30,27,1,D1-0210-C1,occupied,,900.0,50.0,2026-07-23 02:43:43,unknown,
31,28,1,D1-0210-D1,vacant,,,,2026-07-23 02:43:43,unknown,
32,29,1,D1-0415-A1,occupied,,690.0,50.0,2026-07-23 02:43:43,unknown,
33,30,1,D1-0415-B1,occupied,,690.0,50.0,2026-07-23 02:43:43,unknown,
34,31,1,D1-0415-C1,occupied,,900.0,50.0,2026-07-23 02:43:43,unknown,
35,32,1,D1-0415-D1,occupied,,500.0,50.0,2026-07-23 02:43:43,unknown,
36,33,1,D1-0501-A1,occupied,,650.0,50.0,2026-07-23 02:43:43,unknown,
37,34,1,D1-0501-B1,occupied,,600.0,100.0,2026-07-23 02:43:43,unknown,
38,35,1,D1-0501-C1,vacant,,,,2026-07-23 02:43:43,unknown,
39,36,1,D1-0501-D1,occupied,,550.0,50.0,2026-07-23 02:43:43,unknown,
40,37,1,D1-0502-A1,occupied,,650.0,50.0,2026-07-23 02:43:43,unknown,
41,38,1,D1-0502-B1,occupied,,690.0,100.0,2026-07-23 02:43:43,unknown,
42,39,1,D1-0502-C1,occupied,,900.0,50.0,2026-07-23 02:43:43,unknown,
43,40,1,D1-0502-D1,occupied,,590.0,50.0,2026-07-23 02:43:43,unknown,
44,41,1,D1-0614-A1,vacant,,,,2026-07-23 02:43:43,unknown,
45,41,2,D1-0614-A2,vacant,,,,2026-07-23 02:43:43,unknown,
46,42,1,D1-0614-B1,vacant,,,,2026-07-23 02:43:43,unknown,
47,42,2,D1-0614-B2,occupied,,,,2026-07-28T01:56:06.231Z,unknown,
48,43,1,D1-0614-C1,vacant,,,,2026-07-23 02:43:43,unknown,
49,43,2,D1-0614-C2,vacant,,,,2026-07-23 02:43:43,unknown,
50,44,1,D1-0614-D1,vacant,,,,2026-07-23 02:43:43,unknown,
51,45,1,D1-0805-A1,vacant,,,,2026-07-23 02:43:43,unknown,
52,46,1,D1-0805-B1,vacant,,,,2026-07-23 02:43:43,unknown,
53,47,1,D1-0805-C1,vacant,,,,2026-07-23 02:43:43,unknown,
54,48,1,D1-0805-D1,occupied,,,,2026-07-24T07:48:05.837Z,unknown,
55,49,1,D1-0912-A1,vacant,,,,2026-07-23 02:43:43,unknown,
56,50,1,D1-0912-B1,occupied,,600.0,50.0,2026-07-23 02:43:43,unknown,
57,51,1,D1-0912-C1,occupied,,900.0,50.0,2026-07-23 02:43:43,unknown,
58,52,1,D1-0912-D1,occupied,,500.0,50.0,2026-07-23 02:43:43,unknown,
59,53,1,D1-1017-A1,occupied,,690.0,50.0,2026-07-23 02:43:43,unknown,
60,54,1,D1-1017-B1,occupied,,690.0,50.0,2026-07-23 02:43:43,unknown,
61,55,1,D1-1017-C1,occupied,,790.0,150.0,2026-07-23 02:43:43,unknown,
62,56,1,D1-1017-D1,occupied,,500.0,50.0,2026-07-23 02:43:43,unknown,
63,57,1,D1-1417-A1,occupied,,690.0,50.0,2026-07-23 02:43:43,unknown,
64,58,1,D1-1417-B1,occupied,,690.0,50.0,2026-07-23 02:43:43,unknown,
65,59,1,D1-1417-C1,occupied,,900.0,50.0,2026-07-23 02:43:43,unknown,
66,60,1,D1-1417-D1,occupied,,590.0,100.0,2026-07-23 02:43:43,unknown,
67,61,1,D2-0310-A1,occupied,,690.0,50.0,2026-07-23 02:43:43,unknown,
68,62,1,D2-0310-B1,occupied,,690.0,100.0,2026-07-23 02:43:43,unknown,
69,63,1,D2-0310-C1,vacant,,,,2026-07-23 02:43:43,unknown,
70,64,1,D2-0310-D1,occupied,,590.0,50.0,2026-07-23 02:43:43,unknown,
71,65,1,D2-0409-A1,vacant,,,,2026-07-23 02:43:43,unknown,
72,66,1,D2-0409-B1,vacant,,,,2026-07-23 02:43:43,unknown,
73,67,1,D2-0409-C1,occupied,,900.0,50.0,2026-07-23 02:43:43,unknown,
74,68,1,D2-0409-D1,occupied,,590.0,100.0,2026-07-23 02:43:43,unknown,
75,69,1,D2-0412-A1,occupied,,690.0,50.0,2026-07-23 02:43:43,unknown,
76,70,1,D2-0412-B1,occupied,,1000.0,150.0,2026-07-23 02:43:43,unknown,
77,71,1,D2-0412-C1,occupied,,900.0,50.0,2026-07-23 02:43:43,unknown,
78,72,1,D2-0412-D1,occupied,,590.0,50.0,2026-07-23 02:43:43,unknown,
79,73,1,D2-0504-A1,occupied,,650.0,50.0,2026-07-23 02:43:43,unknown,
80,74,1,D2-0504-B1,occupied,,690.0,100.0,2026-07-23 02:43:43,unknown,
81,75,1,D2-0504-C1,occupied,,900.0,50.0,2026-07-23 02:43:43,unknown,
82,76,1,D2-0504-D1,occupied,,500.0,50.0,2026-07-23 02:43:43,unknown,
83,77,1,D2-0505-A1,vacant,,,,2026-07-23 02:43:43,unknown,
84,78,1,D2-0505-B1,occupied,,690.0,50.0,2026-07-23 02:43:43,unknown,
85,79,1,D2-0505-C1,vacant,,,,2026-07-23 02:43:43,unknown,
86,80,1,D2-0505-D1,occupied,,490.0,50.0,2026-07-23 02:43:43,unknown,
87,81,1,D2-0708-A1,vacant,,,,2026-07-23 02:43:43,unknown,
88,82,1,D2-0708-B1,occupied,,690.0,50.0,2026-07-23 02:43:43,unknown,
89,83,1,D2-0708-C1,vacant,,,,2026-07-23 02:43:43,unknown,
90,84,1,D2-0708-D1,occupied,,490.0,50.0,2026-07-23 02:43:43,unknown,
91,85,1,D2-0815-A1,occupied,,750.0,50.0,2026-07-23 02:43:43,unknown,
92,86,1,D2-0815-B1,occupied,,650.0,50.0,2026-07-23 02:43:43,unknown,
93,87,1,D2-0815-C1,vacant,,,,2026-07-23 02:43:43,unknown,
94,88,1,D2-0815-D1,occupied,,490.0,50.0,2026-07-23 02:43:43,unknown,
95,89,1,D2-0816-A1,occupied,,690.0,50.0,2026-07-23 02:43:43,unknown,
96,90,1,D2-0816-B1,vacant,,,,2026-07-23 02:43:43,unknown,
97,91,1,D2-0816-C1,occupied,,900.0,50.0,2026-07-23 02:43:43,unknown,
98,92,1,D2-0816-D1,occupied,,590.0,50.0,2026-07-23 02:43:43,unknown,
99,93,1,D2-0909-A1,occupied,,750.0,50.0,2026-07-23 02:43:43,unknown,
100,94,1,D2-0909-B1,occupied,,690.0,50.0,2026-07-23 02:43:43,unknown,
101,95,1,D2-0909-C1,vacant,,,,2026-07-23 02:43:43,unknown,
102,96,1,D2-0909-D1,occupied,,500.0,50.0,2026-07-23 02:43:43,unknown,
103,97,1,D2-0912-A1,occupied,,650.0,50.0,2026-07-23 02:43:43,unknown,
104,98,1,D2-0912-B1,occupied,,690.0,50.0,2026-07-23 02:43:43,unknown,
105,99,1,D2-0912-C1,vacant,,,,2026-07-23 02:43:43,unknown,
106,100,1,D2-0912-D1,vacant,,,,2026-07-23 02:43:43,unknown,
107,101,1,D2-1109-A1,occupied,,650.0,50.0,2026-07-23 02:43:43,unknown,
108,102,1,D2-1109-B1,occupied,,600.0,50.0,2026-07-23 02:43:43,unknown,
109,103,1,D2-1109-C1,occupied,,900.0,50.0,2026-07-23 02:43:43,unknown,
110,104,1,D2-1109-D1,occupied,,500.0,50.0,2026-07-23 02:43:43,unknown,
111,105,1,D2-1213-A1,vacant,,,,2026-07-23 02:43:43,unknown,
112,106,1,D2-1213-B1,occupied,,600.0,150.0,2026-07-23 02:43:43,unknown,
113,107,1,D2-1213-C1,occupied,,900.0,50.0,2026-07-23 02:43:43,unknown,
114,108,1,D2-1213-D1,occupied,,590.0,50.0,2026-07-23 02:43:43,unknown,
115,109,1,D3-0101-A1,occupied,,690.0,50.0,2026-07-23 02:43:43,unknown,
116,110,1,D3-0101-B1,occupied,,600.0,50.0,2026-07-23 02:43:43,unknown,
117,111,1,D3-0101-C1,vacant,,,,2026-07-23 02:43:43,unknown,
118,112,1,D3-0101-D1,occupied,,450.0,50.0,2026-07-23 02:43:43,unknown,
119,113,1,D3-0109-A1,vacant,,,,2026-07-23 02:43:43,unknown,
120,113,2,D3-0109-A2,vacant,,,,2026-07-23 02:43:43,unknown,
121,114,1,D3-0109-B1,vacant,,,,2026-07-23 02:43:43,unknown,
122,114,2,D3-0109-B2,vacant,,,,2026-07-23 02:43:43,unknown,
123,115,1,D3-0109-C1,vacant,,,,2026-07-23 02:43:43,unknown,
124,115,2,D3-0109-C2,vacant,,,,2026-07-23 02:43:43,unknown,
125,116,1,D3-0109-D1,vacant,,,,2026-07-23 02:43:43,unknown,
126,117,1,D3-0116-A1,occupied,,650.0,50.0,2026-07-23 02:43:43,unknown,
127,118,1,D3-0116-B1,occupied,,600.0,50.0,2026-07-23 02:43:43,unknown,
128,119,1,D3-0116-C1,occupied,,790.0,50.0,2026-07-23 02:43:43,unknown,
129,120,1,D3-0116-D1,vacant,,,,2026-07-23 02:43:43,unknown,
130,121,1,D3-0313-A1,vacant,,,,2026-07-23 02:43:43,unknown,
131,122,1,D3-0313-B1,occupied,,600.0,50.0,2026-07-23 02:43:43,unknown,
132,123,1,D3-0313-C1,occupied,,900.0,50.0,2026-07-23 02:43:43,unknown,
133,124,1,D3-0313-D1,occupied,,590.0,50.0,2026-07-23 02:43:43,unknown,
134,125,1,D3-0413-A1,vacant,,,,2026-07-23 02:43:43,unknown,
135,126,1,D3-0413-B1,occupied,,800.0,150.0,2026-07-23 02:43:43,unknown,
136,127,1,D3-0413-C1,occupied,,800.0,50.0,2026-07-23 02:43:43,unknown,
137,128,1,D3-0413-D1,occupied,,500.0,50.0,2026-07-23 02:43:43,unknown,
138,129,1,D3-0415-A1,occupied,,600.0,50.0,2026-07-23 02:43:43,unknown,
139,130,1,D3-0415-B1,occupied,,690.0,100.0,2026-07-23 02:43:43,unknown,
140,131,1,D3-0415-C1,occupied,,900.0,50.0,2026-07-23 02:43:43,unknown,
141,132,1,D3-0415-D1,occupied,,590.0,100.0,2026-07-23 02:43:43,unknown,
142,133,1,D3-0705-A1,occupied,,690.0,50.0,2026-07-23 02:43:43,unknown,
143,134,1,D3-0705-B1,occupied,,600.0,100.0,2026-07-23 02:43:43,unknown,
144,135,1,D3-0705-C1,occupied,,790.0,50.0,2026-07-23 02:43:43,unknown,
145,136,1,D3-0705-D1,occupied,,490.0,50.0,2026-07-23 02:43:43,unknown,
146,137,1,D3-0706-A1,vacant,,,,2026-07-23 02:43:43,unknown,
147,138,1,D3-0706-B1,occupied,,590.0,50.0,2026-07-23 02:43:43,unknown,
148,139,1,D3-0706-C1,vacant,,,50.0,2026-07-23 02:43:43,unknown,
149,140,1,D3-0706-D1,occupied,,590.0,50.0,2026-07-23 02:43:43,unknown,
150,141,1,D3-0714-A1,occupied,,750.0,100.0,2026-07-23 02:43:43,unknown,
151,142,1,D3-0714-B1,occupied,,600.0,50.0,2026-07-23 02:43:43,unknown,
152,143,1,D3-0714-C1,occupied,,900.0,50.0,2026-07-23 02:43:43,unknown,
153,144,1,D3-0714-D1,vacant,,,,2026-07-23 02:43:43,unknown,
154,145,1,D3-0916-A1,vacant,,,,2026-07-23 02:43:43,unknown,
155,145,2,D3-0916-A2,vacant,,,,2026-07-23 02:43:43,unknown,
156,146,1,D3-0916-B1,vacant,,,,2026-07-23 02:43:43,unknown,
157,146,2,D3-0916-B2,vacant,,,,2026-07-23 02:43:43,unknown,
158,147,1,D3-0916-C1,vacant,,,,2026-07-23 02:43:43,unknown,
159,147,2,D3-0916-C2,vacant,,,,2026-07-23 02:43:43,unknown,
160,148,1,D3-0916-D1,vacant,,,,2026-07-23 02:43:43,unknown,
161,149,1,D3-1010-A1,occupied,,650.0,50.0,2026-07-23 02:43:43,unknown,
162,150,1,D3-1010-B1,occupied,,690.0,50.0,2026-07-23 02:43:43,unknown,
163,151,1,D3-1010-C1,occupied,,770.0,50.0,2026-07-23 02:43:43,unknown,
164,152,1,D3-1010-D1,special-use,Currently Store Room,,50.0,2026-07-23 02:43:43,unknown,
165,153,1,D3-1013-A1,occupied,,650.0,50.0,2026-07-23 02:43:43,unknown,
166,154,1,D3-1013-B1,occupied,,690.0,50.0,2026-07-23 02:43:43,unknown,
167,155,1,D3-1013-C1,occupied,,900.0,50.0,2026-07-23 02:43:43,unknown,
168,156,1,D3-1013-D1,occupied,,500.0,50.0,2026-07-23 02:43:43,unknown,
169,157,1,D3-1113-A1,occupied,,700.0,50.0,2026-07-23 02:43:43,unknown,
170,158,1,D3-1113-B1,occupied,,690.0,50.0,2026-07-23 02:43:43,unknown,
171,159,1,D3-1113-C1,vacant,,,,2026-07-23 02:43:43,unknown,
172,160,1,D3-1113-D1,occupied,,500.0,50.0,2026-07-23 02:43:43,unknown,
173,161,1,D3-1202-A1,occupied,,600.0,50.0,2026-07-23 02:43:43,unknown,
174,162,1,D3-1202-B1,occupied,,690.0,50.0,2026-07-23 02:43:43,unknown,
175,163,1,D3-1202-C1,occupied,,900.0,50.0,2026-07-23 02:43:43,unknown,
176,164,1,D3-1202-D1,occupied,,500.0,50.0,2026-07-23 02:43:43,unknown,
177,165,1,D3-1409-A1,occupied,,750.0,50.0,2026-07-23 02:43:43,unknown,
178,166,1,D3-1409-B1,occupied,,690.0,50.0,2026-07-23 02:43:43,unknown,
179,167,1,D3-1409-C1,occupied,,900.0,50.0,2026-07-23 02:43:43,unknown,
180,168,1,D3-1409-D1,vacant,,,,2026-07-23 02:43:43,unknown,
181,169,1,D3-1510-A1,vacant,,,,2026-07-23 02:43:43,unknown,
182,170,1,D3-1510-B1,occupied,,690.0,50.0,2026-07-23 02:43:43,unknown,
183,171,1,D3-1510-C1,occupied,,900.0,50.0,2026-07-23 02:43:43,unknown,
184,172,1,D3-1510-D1,occupied,,590.0,50.0,2026-07-23 02:43:43,unknown,
185,173,1,NB-0809-A1,occupied,,800.0,150.0,2026-07-23 02:43:43,unknown,
186,174,1,NB-0809-B1,occupied,,850.0,150.0,2026-07-23 02:43:43,unknown,
187,175,1,NB-0809-C1,occupied,,1000.0,150.0,2026-07-23 02:43:43,unknown,
188,176,1,NB-0809-D1,occupied,,1200.0,150.0,2026-07-23 02:43:43,unknown,
189,177,1,NB-1107-A1,occupied,,1000.0,150.0,2026-07-23 02:43:43,unknown,
190,178,1,NB-1107-B1,occupied,,850.0,150.0,2026-07-23 02:43:43,unknown,
191,179,1,NB-1107-C1,occupied,,900.0,150.0,2026-07-23 02:43:43,unknown,
192,180,1,NB-1107-D1,occupied,,1200.0,150.0,2026-07-23 02:43:43,unknown,
193,181,1,NB-1210-A1,occupied,,800.0,150.0,2026-07-23 02:43:43,unknown,
194,182,1,NB-1210-B1,occupied,,950.0,150.0,2026-07-23 02:43:43,unknown,
195,183,1,NB-1210-C1,vacant,,,,2026-07-23 02:43:43,unknown,
196,184,1,NB-1210-D1,occupied,,1200.0,150.0,2026-07-23 02:43:43,unknown,
197,185,1,NB-1212-A1,vacant,,,,2026-07-23 02:43:43,unknown,
198,186,1,NB-1212-B1,vacant,,,,2026-07-23 02:43:43,unknown,
199,187,1,NB-1212-C1,vacant,,,,2026-07-23 02:43:43,unknown,
200,188,1,NB-1212-D1,vacant,,,,2026-07-23 02:43:43,unknown,
201,189,1,NB-1303-A1,vacant,,,,2026-07-23 02:43:43,unknown,
202,190,1,NB-1303-B1,occupied,,1000.0,150.0,2026-07-23 02:43:43,unknown,
203,191,1,NB-1303-C1,occupied,,950.0,150.0,2026-07-23 02:43:43,unknown,
204,192,1,NB-1303-D1,occupied,,1200.0,150.0,2026-07-23 02:43:43,unknown,
205,193,1,NB-1306-A1,occupied,,1000.0,150.0,2026-07-23 02:43:43,unknown,
206,194,1,NB-1306-B1,vacant,,,,2026-07-23 02:43:43,unknown,
207,195,1,NB-1306-C1,occupied,,1000.0,150.0,2026-07-23 02:43:43,unknown,
208,196,1,NB-1306-D1,occupied,,1200.0,150.0,2026-07-23 02:43:43,unknown,
209,197,1,NB-13A02A-A1,vacant,,,,2026-07-23 02:43:43,unknown,
210,198,1,NB-13A02A-B1,occupied,,850.0,150.0,2026-07-23 02:43:43,unknown,
211,199,1,NB-13A02A-C1,occupied,,1000.0,150.0,2026-07-23 02:43:43,unknown,
212,200,1,NB-13A02A-D1,occupied,,1200.0,150.0,2026-07-23 02:43:43,unknown,
213,201,1,NB-13A07-A1,vacant,,,,2026-07-23 02:43:43,unknown,
214,202,1,NB-13A07-B1,vacant,,,,2026-07-23 02:43:43,unknown,
215,203,1,NB-13A07-C1,vacant,,,,2026-07-23 02:43:43,unknown,
216,204,1,NB-13A07-D1,vacant,,,,2026-07-23 02:43:43,unknown,
217,205,1,NB-13A11-A1,occupied,,1080.0,150.0,2026-07-23 02:43:43,unknown,
218,206,1,NB-13A11-B1,occupied,,1500.0,150.0,2026-07-23 02:43:43,unknown,
219,207,1,NB-13A11-C1,occupied,,750.0,150.0,2026-07-23 02:43:43,unknown,
220,207,2,NB-13A11-C2,vacant,,,,2026-07-23 02:43:43,unknown,
221,208,1,NB-13A11-D1,occupied,,750.0,150.0,2026-07-23 02:43:43,unknown,
222,208,2,NB-13A11-D2,occupied,,750.0,150.0,2026-07-23 02:43:43,unknown,
223,209,1,NB-13A11A-A1,occupied,,1000.0,150.0,2026-07-23 02:43:43,unknown,
224,210,1,NB-13A11A-B1,occupied,,1100.0,150.0,2026-07-23 02:43:43,unknown,
225,211,1,NB-13A11A-C1,occupied,,1200.0,150.0,2026-07-23 02:43:43,unknown,
226,212,1,NB-13A11A-D1,vacant,,,,2026-07-23 02:43:43,unknown,
227,213,1,NB-1702-A1,occupied,,1000.0,150.0,2026-07-23 02:43:43,unknown,
228,214,1,NB-1702-B1,occupied,,1100.0,150.0,2026-07-23 02:43:43,unknown,
229,215,1,NB-1702-C1,occupied,,1200.0,150.0,2026-07-23 02:43:43,unknown,
230,216,1,NB-1702-D1,occupied,,1300.0,150.0,2026-07-23 02:43:43,unknown,
231,217,1,NB-1706-A1,vacant,,,,2026-07-23 02:43:43,unknown,
232,218,1,NB-1706-B1,occupied,,1100.0,150.0,2026-07-23 02:43:43,unknown,
233,219,1,NB-1706-C1,occupied,,1200.0,150.0,2026-07-23 02:43:43,unknown,
234,220,1,NB-1706-D1,vacant,,,,2026-07-23 02:43:43,unknown,
235,221,1,NB-1707-A1,vacant,,,,2026-07-23 02:43:43,unknown,
236,222,1,NB-1707-B1,vacant,,,,2026-07-23 02:43:43,unknown,
237,223,1,NB-1707-C1,vacant,,,,2026-07-23 02:43:43,unknown,
238,224,1,NB-1707-D1,vacant,,,,2026-07-23 02:43:43,unknown,
239,225,1,NB-1708-A1,occupied,,4100.0,1040.0,2026-07-23 02:43:43,unknown,
240,225,2,NB-1708-A2,special-use,taken by Weststar,,,2026-07-23 02:43:43,unknown,
241,226,1,NB-1708-B1,special-use,taken by Weststar,,,2026-07-23 02:43:43,unknown,
242,226,2,NB-1708-B2,special-use,taken by Weststar,,,2026-07-23 02:43:43,unknown,
243,227,1,NB-1708-C1,special-use,taken by Weststar,,,2026-07-23 02:43:43,unknown,
244,227,2,NB-1708-C2,special-use,taken by Weststar,,,2026-07-23 02:43:43,unknown,
245,228,1,NB-1708-D1,special-use,taken by Weststar,,,2026-07-23 02:43:43,unknown,
246,228,2,NB-1708-D2,special-use,taken by Weststar,,,2026-07-23 02:43:43,unknown,
247,229,1,NB-1709-A1,vacant,,,,2026-07-23 02:43:43,unknown,
248,230,1,NB-1709-B1,occupied,,1100.0,150.0,2026-07-23 02:43:43,unknown,
249,231,1,NB-1709-C1,occupied,,1200.0,150.0,2026-07-23 02:43:43,unknown,
250,232,1,NB-1709-D1,vacant,,,,2026-07-23 02:43:43,unknown,
251,233,1,NB-1901-A1,vacant,,,,2026-07-23 02:43:43,unknown,
252,234,1,NB-1901-B1,vacant,,,,2026-07-23 02:43:43,unknown,
253,235,1,NB-1901-C1,vacant,,,,2026-07-23 02:43:43,unknown,
254,236,1,NB-1901-D1,vacant,,,,2026-07-23 02:43:43,unknown,
255,237,1,NB-1915-A1,vacant,,,,2026-07-23 02:43:43,unknown,
256,238,1,NB-1915-B1,vacant,,,,2026-07-23 02:43:43,unknown,
257,239,1,NB-1915-C1,vacant,,,,2026-07-23 02:43:43,unknown,
258,240,1,NB-1915-D1,vacant,,,,2026-07-23 02:43:43,unknown,
259,241,1,NC-0801-A1,vacant,,,,2026-07-23 02:43:43,unknown,
260,242,1,NC-0801-B1,special-use,Currently Storeroom,,,2026-07-23 02:43:43,unknown,
261,243,1,NC-0801-C1,occupied,,1200.0,150.0,2026-07-23 02:43:43,unknown,
262,244,1,NC-0801-D1,occupied,,1200.0,150.0,2026-07-23 02:43:43,unknown,
263,245,1,NC-1001-A1,occupied,,900.0,150.0,2026-07-23 02:43:43,unknown,
264,246,1,NC-1001-B1,occupied,,1100.0,150.0,2026-07-23 02:43:43,unknown,
265,247,1,NC-1001-C1,occupied,,1200.0,150.0,2026-07-23 02:43:43,unknown,
266,248,1,NC-1001-D1,occupied,,1300.0,150.0,2026-07-23 02:43:43,unknown,
267,249,1,NC-1007-A1,occupied,,800.0,150.0,2026-07-23 02:43:43,unknown,
268,250,1,NC-1007-B1,occupied,,1100.0,150.0,2026-07-23 02:43:43,unknown,
269,251,1,NC-1007-C1,occupied,,1200.0,150.0,2026-07-23 02:43:43,unknown,
270,252,1,NC-1007-D1,occupied,,1300.0,150.0,2026-07-23 02:43:43,unknown,
271,253,1,NC-1009-A1,occupied,,900.0,150.0,2026-07-23 02:43:43,unknown,
272,254,1,NC-1009-B1,occupied,,1100.0,150.0,2026-07-23 02:43:43,unknown,
273,255,1,NC-1009-C1,occupied,,1200.0,50.0,2026-07-23 02:43:43,unknown,
274,256,1,NC-1009-D1,vacant,,,,2026-07-23 02:43:43,unknown,
275,257,1,NC-1011-A1,occupied,,1000.0,150.0,2026-07-23 02:43:43,unknown,
276,258,1,NC-1011-B1,occupied,,1100.0,150.0,2026-07-23 02:43:43,unknown,
277,259,1,NC-1011-C1,occupied,,1100.0,150.0,2026-07-23 02:43:43,unknown,
278,260,1,NC-1011-D1,occupied,,1200.0,150.0,2026-07-23 02:43:43,unknown,
279,261,1,NC-1111-A1,occupied,,800.0,150.0,2026-07-23 02:43:43,unknown,
280,262,1,NC-1111-B1,occupied,,850.0,150.0,2026-07-23 02:43:43,unknown,
281,263,1,NC-1111-C1,occupied,,1200.0,150.0,2026-07-23 02:43:43,unknown,
282,264,1,NC-1111-D1,occupied,,1690.0,150.0,2026-07-23 02:43:43,unknown,
283,265,1,NC-1203-A1,occupied,,800.0,150.0,2026-07-23 02:43:43,unknown,
284,266,1,NC-1203-B1,occupied,,1100.0,150.0,2026-07-23 02:43:43,unknown,
285,267,1,NC-1203-C1,occupied,,1100.0,150.0,2026-07-23 02:43:43,unknown,
286,268,1,NC-1203-D1,vacant,,,,2026-07-23 02:43:43,unknown,
287,269,1,NC-1208-A1,occupied,,900.0,150.0,2026-07-23 02:43:43,unknown,
288,270,1,NC-1208-B1,occupied,,1100.0,150.0,2026-07-23 02:43:43,unknown,
289,271,1,NC-1208-C1,vacant,,,,2026-07-23 02:43:43,unknown,
290,272,1,NC-1208-D1,vacant,,,,2026-07-23 02:43:43,unknown,
291,273,1,NC-1303-A1,occupied,,900.0,150.0,2026-07-23 02:43:43,unknown,
292,274,1,NC-1303-B1,occupied,,1100.0,150.0,2026-07-23 02:43:43,unknown,
293,275,1,NC-1303-C1,occupied,,1100.0,150.0,2026-07-23 02:43:43,unknown,
294,276,1,NC-1303-D1,occupied,,1300.0,150.0,2026-07-23 02:43:43,unknown,
295,277,1,NC-1305-A1,occupied,,800.0,150.0,2026-07-23 02:43:43,unknown,
296,278,1,NC-1305-B1,occupied,,850.0,150.0,2026-07-23 02:43:43,unknown,
297,279,1,NC-1305-C1,occupied,,1100.0,150.0,2026-07-23 02:43:43,unknown,
298,280,1,NC-1305-D1,occupied,,1300.0,150.0,2026-07-23 02:43:43,unknown,
299,281,1,NC-1307-A1,occupied,,1000.0,150.0,2026-07-23 02:43:43,unknown,
300,282,1,NC-1307-B1,occupied,,850.0,150.0,2026-07-23 02:43:43,unknown,
301,283,1,NC-1307-C1,occupied,,1100.0,150.0,2026-07-23 02:43:43,unknown,
302,284,1,NC-1307-D1,vacant,,,,2026-07-23 02:43:43,unknown,
303,285,1,NC-1311-A1,occupied,,1000.0,150.0,2026-07-23 02:43:43,unknown,
304,286,1,NC-1311-B1,vacant,,,,2026-07-23 02:43:43,unknown,
305,287,1,NC-1311-C1,occupied,,1200.0,150.0,2026-07-23 02:43:43,unknown,
306,288,1,NC-1311-D1,occupied,,1300.0,150.0,2026-07-23 02:43:43,unknown,
307,289,1,NC-1312A-A1,occupied,,800.0,150.0,2026-07-23 02:43:43,unknown,
308,290,1,NC-1312A-B1,occupied,,1100.0,150.0,2026-07-23 02:43:43,unknown,
309,291,1,NC-1312A-C1,occupied,,1200.0,150.0,2026-07-23 02:43:43,unknown,
310,292,1,NC-1312A-D1,occupied,,1300.0,150.0,2026-07-23 02:43:43,unknown,
311,293,1,NC-13A10-A1,vacant,,,,2026-07-23 02:43:43,unknown,
312,294,1,NC-13A10-B1,vacant,,,,2026-07-23 02:43:43,unknown,
313,295,1,NC-13A10-C1,occupied,,1200.0,150.0,2026-07-23 02:43:43,unknown,
314,296,1,NC-13A10-D1,occupied,,1300.0,150.0,2026-07-23 02:43:43,unknown,
315,297,1,NC-1511A-A1,occupied,,800.0,150.0,2026-07-23 02:43:43,unknown,
316,298,1,NC-1511A-B1,vacant,,,,2026-07-23 02:43:43,unknown,
317,299,1,NC-1511A-C1,occupied,,1100.0,150.0,2026-07-23 02:43:43,unknown,
318,300,1,NC-1511A-D1,occupied,,1300.0,150.0,2026-07-23 02:43:43,unknown,
319,301,1,NC-1512-A1,occupied,,1000.0,150.0,2026-07-23 02:43:43,unknown,
320,302,1,NC-1512-B1,occupied,,1100.0,150.0,2026-07-23 02:43:43,unknown,
321,303,1,NC-1512-C1,occupied,,1200.0,150.0,2026-07-23 02:43:43,unknown,
322,304,1,NC-1512-D1,occupied,,1300.0,150.0,2026-07-23 02:43:43,unknown,
323,305,1,NC-1602A-A1,occupied,,1000.0,150.0,2026-07-23 02:43:43,unknown,
324,306,1,NC-1602A-B1,vacant,,,,2026-07-23 02:43:43,unknown,
325,307,1,NC-1602A-C1,occupied,,1200.0,150.0,2026-07-23 02:43:43,unknown,
326,308,1,NC-1602A-D1,occupied,,1300.0,150.0,2026-07-23 02:43:43,unknown,
327,309,1,NC-1605-A1,occupied,,1000.0,150.0,2026-07-23 02:43:43,unknown,
328,310,1,NC-1605-B1,occupied,,1000.0,150.0,2026-07-23 02:43:43,unknown,
329,311,1,NC-1605-C1,vacant,,,,2026-07-23 02:43:43,unknown,
330,312,1,NC-1605-D1,occupied,,1300.0,150.0,2026-07-23 02:43:43,unknown,
331,313,1,NC-1607-A1,occupied,,800.0,150.0,2026-07-23 02:43:43,unknown,
332,314,1,NC-1607-B1,occupied,,1000.0,150.0,2026-07-23 02:43:43,unknown,
333,315,1,NC-1607-C1,vacant,,,,2026-07-23 02:43:43,unknown,
334,316,1,NC-1607-D1,occupied,,1300.0,150.0,2026-07-23 02:43:43,unknown,
335,317,1,NC-1609-A1,vacant,,,,2026-07-23 02:43:43,unknown,
336,318,1,NC-1609-B1,vacant,,,,2026-07-23 02:43:43,unknown,
337,319,1,NC-1609-C1,occupied,,1100.0,150.0,2026-07-23 02:43:43,unknown,
338,320,1,NC-1609-D1,vacant,,,,2026-07-23 02:43:43,unknown,
339,321,1,NC-1703-A1,occupied,,800.0,150.0,2026-07-23 02:43:43,unknown,
340,322,1,NC-1703-B1,occupied,,1100.0,150.0,2026-07-23 02:43:43,unknown,
341,323,1,NC-1703-C1,occupied,,1200.0,150.0,2026-07-23 02:43:43,unknown,
342,324,1,NC-1703-D1,occupied,,1300.0,150.0,2026-07-23 02:43:43,unknown,
343,325,1,NC-1712-A1,occupied,,1000.0,150.0,2026-07-23 02:43:43,unknown,
344,326,1,NC-1712-B1,occupied,,1100.0,150.0,2026-07-23 02:43:43,unknown,
345,327,1,NC-1712-C1,occupied,,1200.0,150.0,2026-07-23 02:43:43,unknown,
346,328,1,NC-1712-D1,occupied,,1300.0,150.0,2026-07-23 02:43:43,unknown,
347,329,1,NC-1809-A1,occupied,,1000.0,150.0,2026-07-23 02:43:43,unknown,
348,330,1,NC-1809-B1,vacant,,,,2026-07-23 02:43:43,unknown,
349,331,1,NC-1809-C1,occupied,,1200.0,150.0,2026-07-23 02:43:43,unknown,
350,332,1,NC-1809-D1,vacant,,,,2026-07-23 02:43:43,unknown,
351,333,1,NC-1812A-A1,occupied,,900.0,150.0,2026-07-23 02:43:43,unknown,
352,334,1,NC-1812A-B1,vacant,,,,2026-07-23 02:43:43,unknown,
353,335,1,NC-1812A-C1,occupied,,1200.0,150.0,2026-07-23 02:43:43,unknown,
354,336,1,NC-1812A-D1,occupied,,1300.0,150.0,2026-07-23 02:43:43,unknown,
355,337,1,NC-1903-A1,occupied,,1000.0,150.0,2026-07-23 02:43:43,unknown,
356,338,1,NC-1903-B1,occupied,,1320.0,150.0,2026-07-23 02:43:43,unknown,
357,339,1,NC-1903-C1,occupied,,1200.0,150.0,2026-07-23 02:43:43,unknown,
358,340,1,NC-1903-D1,occupied,,1300.0,150.0,2026-07-23 02:43:43,unknown,
359,341,1,NC-1911A-A1,occupied,,1000.0,150.0,2026-07-23 02:43:43,unknown,
360,342,1,NC-1911A-B1,occupied,,1100.0,150.0,2026-07-23 02:43:43,unknown,
361,343,1,NC-1911A-C1,occupied,,1200.0,150.0,2026-07-23 02:43:43,unknown,
362,344,1,NC-1911A-D1,occupied,,1300.0,150.0,2026-07-23 02:43:43,unknown,
363,345,1,NE-0811A-A1,vacant,,,,2026-07-23 02:43:43,unknown,
364,346,1,NE-0811A-B1,occupied,,1000.0,150.0,2026-07-23 02:43:43,unknown,
365,347,1,NE-0811A-C1,occupied,,1000.0,150.0,2026-07-23 02:43:43,unknown,
366,348,1,NE-0811A-D1,occupied,,1200.0,150.0,2026-07-23 02:43:43,unknown,
367,349,1,NE-1002-A1,occupied,,600.0,150.0,2026-07-23 02:43:43,unknown,
368,349,2,NE-1002-A2,occupied,,600.0,150.0,2026-07-23 02:43:43,unknown,
369,350,1,NE-1002-B1,vacant,,,150.0,2026-07-23 02:43:43,unknown,
370,350,2,NE-1002-B2,vacant,,,150.0,2026-07-23 02:43:43,unknown,
371,351,1,NE-1002-C1,occupied,,650.0,150.0,2026-07-23 02:43:43,unknown,
372,351,2,NE-1002-C2,occupied,,650.0,150.0,2026-07-23 02:43:43,unknown,
373,352,1,NE-1002-D1,vacant,,,,2026-07-23 02:43:43,unknown,
374,352,2,NE-1002-D2,occupied,,750.0,150.0,2026-07-23 02:43:43,unknown,
375,353,1,NE-1006-A1,occupied,,1000.0,150.0,2026-07-23 02:43:43,unknown,
376,354,1,NE-1006-B1,occupied,,1320.0,150.0,2026-07-23 02:43:43,unknown,
377,355,1,NE-1006-C1,occupied,,850.0,150.0,2026-07-23 02:43:43,unknown,
378,356,1,NE-1006-D1,occupied,,1150.0,150.0,2026-07-23 02:43:43,unknown,
379,357,1,NE-1102A-A1,occupied,,800.0,150.0,2026-07-23 02:43:43,unknown,
380,358,1,NE-1102A-B1,occupied,,900.0,150.0,2026-07-23 02:43:43,unknown,
381,359,1,NE-1102A-C1,occupied,,1000.0,150.0,2026-07-23 02:43:43,unknown,
382,360,1,NE-1102A-D1,occupied,,1200.0,150.0,2026-07-23 02:43:43,unknown,
383,361,1,NE-1105-A1,occupied,,800.0,150.0,2026-07-23 02:43:43,unknown,
384,362,1,NE-1105-B1,occupied,,900.0,150.0,2026-07-23 02:43:43,unknown,
385,363,1,NE-1105-C1,occupied,,900.0,150.0,2026-07-23 02:43:43,unknown,
386,364,1,NE-1105-D1,occupied,,1200.0,150.0,2026-07-23 02:43:43,unknown,
387,365,1,NE-1111-A1,occupied,,550.0,150.0,2026-07-23 02:43:43,unknown,
388,365,2,NE-1111-A2,occupied,,600.0,150.0,2026-07-23 02:43:43,unknown,
389,366,1,NE-1111-B1,occupied,,620.0,150.0,2026-07-23 02:43:43,unknown,
390,366,2,NE-1111-B2,occupied,,620.0,150.0,2026-07-23 02:43:43,unknown,
391,367,1,NE-1111-C1,occupied,,650.0,150.0,2026-07-23 02:43:43,unknown,
392,367,2,NE-1111-C2,occupied,,650.0,150.0,2026-07-23 02:43:43,unknown,
393,368,1,NE-1111-D1,occupied,,650.0,150.0,2026-07-23 02:43:43,unknown,
394,368,2,NE-1111-D2,occupied,,650.0,150.0,2026-07-23 02:43:43,unknown,
395,369,1,NE-1111A-A1,occupied,,550.0,150.0,2026-07-23 02:43:43,unknown,
396,369,2,NE-1111A-A2,occupied,,600.0,150.0,2026-07-23 02:43:43,unknown,
397,370,1,NE-1111A-B1,vacant,,,,2026-07-23 02:43:43,unknown,
398,370,2,NE-1111A-B2,vacant,,,,2026-07-23 02:43:43,unknown,
399,371,1,NE-1111A-C1,occupied,,650.0,150.0,2026-07-23 02:43:43,unknown,
400,371,2,NE-1111A-C2,occupied,,650.0,150.0,2026-07-23 02:43:43,unknown,
401,372,1,NE-1111A-D1,occupied,,680.0,150.0,2026-07-23 02:43:43,unknown,
402,372,2,NE-1111A-D2,occupied,,750.0,150.0,2026-07-23 02:43:43,unknown,
403,373,1,NE-1201-A1,occupied,,3640.0,640.0,2026-07-23 02:43:43,unknown,
404,373,2,NE-1201-A2,occupied,,0.0,0.0,2026-07-23 02:43:43,unknown,
405,374,1,NE-1201-B1,occupied,,0.0,0.0,2026-07-23 02:43:43,unknown,
406,374,2,NE-1201-B2,occupied,,0.0,0.0,2026-07-23 02:43:43,unknown,
407,375,1,NE-1201-C1,occupied,,0.0,0.0,2026-07-23 02:43:43,unknown,
408,375,2,NE-1201-C2,occupied,,0.0,0.0,2026-07-23 02:43:43,unknown,
409,376,1,NE-1201-D1,occupied,,0.0,0.0,2026-07-23 02:43:43,unknown,
410,376,2,NE-1201-D2,occupied,,0.0,0.0,2026-07-23 02:43:43,unknown,
411,377,1,NE-1211-A1,occupied,,800.0,150.0,2026-07-23 02:43:43,unknown,
412,378,1,NE-1211-B1,occupied,,1100.0,150.0,2026-07-23 02:43:43,unknown,
413,379,1,NE-1211-C1,occupied,,900.0,150.0,2026-07-23 02:43:43,unknown,
414,380,1,NE-1211-D1,occupied,,1200.0,150.0,2026-07-23 02:43:43,unknown,
415,381,1,NE-1301-A1,vacant,,,,2026-07-23 02:43:43,unknown,
416,382,1,NE-1301-B1,vacant,,,,2026-07-23 02:43:43,unknown,
417,383,1,NE-1301-C1,vacant,,,,2026-07-23 02:43:43,unknown,
418,384,1,NE-1301-D1,vacant,,,,2026-07-23 02:43:43,unknown,
419,385,1,NE-1303-A1,vacant,,,,2026-07-23 02:43:43,unknown,
420,385,2,NE-1303-A2,vacant,,,,2026-07-23 02:43:43,unknown,
421,386,1,NE-1303-B1,vacant,,,,2026-07-23 02:43:43,unknown,
422,386,2,NE-1303-B2,vacant,,,,2026-07-23 02:43:43,unknown,
423,387,1,NE-1303-C1,occupied,,650.0,150.0,2026-07-23 02:43:43,unknown,
424,387,2,NE-1303-C2,occupied,,650.0,150.0,2026-07-23 02:43:43,unknown,
425,388,1,NE-1303-D1,occupied,,690.0,150.0,2026-07-23 02:43:43,unknown,
426,388,2,NE-1303-D2,occupied,,750.0,150.0,2026-07-23 02:43:43,unknown,
427,389,1,NE-1310-A1,vacant,,,,2026-07-23 02:43:43,unknown,
428,390,1,NE-1310-B1,vacant,,,,2026-07-23 02:43:43,unknown,
429,391,1,NE-1310-C1,occupied,,1000.0,150.0,2026-07-23 02:43:43,unknown,
430,392,1,NE-1310-D1,occupied,,1200.0,150.0,2026-07-23 02:43:43,unknown,
431,393,1,NE-1311A-A1,occupied,,750.0,150.0,2026-07-23 02:43:43,unknown,
432,393,2,NE-1311A-A2,special-use,taken by Ong Yuen Ya,,,2026-07-23 02:43:43,unknown,
433,394,1,NE-1311A-B1,occupied,,580.0,150.0,2026-07-23 02:43:43,unknown,
434,394,2,NE-1311A-B2,occupied,,580.0,150.0,2026-07-23 02:43:43,unknown,
435,395,1,NE-1311A-C1,occupied,,650.0,150.0,2026-07-23 02:43:43,unknown,
436,395,2,NE-1311A-C2,vacant,,,,2026-07-23 02:43:43,unknown,
437,396,1,NE-1311A-D1,occupied,,750.0,150.0,2026-07-23 02:43:43,unknown,
438,396,2,NE-1311A-D2,vacant,,,,2026-07-23 02:43:43,unknown,
439,397,1,NE-13A05-A1,occupied,,3640.0,640.0,2026-07-23 02:43:43,unknown,
440,397,2,NE-13A05-A2,occupied,,0.0,0.0,2026-07-23 02:43:43,unknown,
441,398,1,NE-13A05-B1,occupied,,0.0,0.0,2026-07-23 02:43:43,unknown,
442,398,2,NE-13A05-B2,occupied,,0.0,0.0,2026-07-23 02:43:43,unknown,
443,399,1,NE-13A05-C1,occupied,,0.0,0.0,2026-07-23 02:43:43,unknown,
444,399,2,NE-13A05-C2,occupied,,0.0,0.0,2026-07-23 02:43:43,unknown,
445,400,1,NE-13A05-D1,occupied,,0.0,0.0,2026-07-23 02:43:43,unknown,
446,400,2,NE-13A05-D2,occupied,,0.0,0.0,2026-07-23 02:43:43,unknown,
447,401,1,NE-13A11A-A1,occupied,,3640.0,640.0,2026-07-23 02:43:43,unknown,
448,401,2,NE-13A11A-A2,occupied,,0.0,0.0,2026-07-23 02:43:43,unknown,
449,402,1,NE-13A11A-B1,occupied,,0.0,0.0,2026-07-23 02:43:43,unknown,
450,402,2,NE-13A11A-B2,occupied,,0.0,0.0,2026-07-23 02:43:43,unknown,
451,403,1,NE-13A11A-C1,occupied,,0.0,0.0,2026-07-23 02:43:43,unknown,
452,403,2,NE-13A11A-C2,occupied,,0.0,0.0,2026-07-23 02:43:43,unknown,
453,404,1,NE-13A11A-D1,occupied,,0.0,0.0,2026-07-23 02:43:43,unknown,
454,404,2,NE-13A11A-D2,occupied,,0.0,0.0,2026-07-23 02:43:43,unknown,
455,405,1,NE-1503-A1,occupied,,3640.0,640.0,2026-07-23 02:43:43,unknown,
456,405,2,NE-1503-A2,occupied,,0.0,0.0,2026-07-23 02:43:43,unknown,
457,406,1,NE-1503-B1,occupied,,0.0,0.0,2026-07-23 02:43:43,unknown,
458,406,2,NE-1503-B2,occupied,,0.0,0.0,2026-07-23 02:43:43,unknown,
459,407,1,NE-1503-C1,occupied,,0.0,0.0,2026-07-23 02:43:43,unknown,
460,407,2,NE-1503-C2,occupied,,0.0,0.0,2026-07-23 02:43:43,unknown,
461,408,1,NE-1503-D1,occupied,,0.0,0.0,2026-07-23 02:43:43,unknown,
462,408,2,NE-1503-D2,occupied,,0.0,0.0,2026-07-23 02:43:43,unknown,
463,409,1,NE-1505-A1,occupied,,800.0,150.0,2026-07-23 02:43:43,unknown,
464,410,1,NE-1505-B1,occupied,,1100.0,150.0,2026-07-23 02:43:43,unknown,
465,411,1,NE-1505-C1,occupied,,900.0,150.0,2026-07-23 02:43:43,unknown,
466,412,1,NE-1505-D1,occupied,,1200.0,150.0,2026-07-23 02:43:43,unknown,
467,413,1,NE-1509-A1,occupied,,3640.0,640.0,2026-07-23 02:43:43,unknown,
468,413,2,NE-1509-A2,occupied,,0.0,0.0,2026-07-23 02:43:43,unknown,
469,414,1,NE-1509-B1,occupied,,0.0,0.0,2026-07-23 02:43:43,unknown,
470,414,2,NE-1509-B2,occupied,,0.0,0.0,2026-07-23 02:43:43,unknown,
471,415,1,NE-1509-C1,occupied,,0.0,0.0,2026-07-23 02:43:43,unknown,
472,415,2,NE-1509-C2,occupied,,0.0,0.0,2026-07-23 02:43:43,unknown,
473,416,1,NE-1509-D1,occupied,,0.0,0.0,2026-07-23 02:43:43,unknown,
474,416,2,NE-1509-D2,occupied,,0.0,0.0,2026-07-23 02:43:43,unknown,
475,417,1,NE-1510-A1,occupied,,800.0,150.0,2026-07-23 02:43:43,unknown,
476,418,1,NE-1510-B1,occupied,,900.0,150.0,2026-07-23 02:43:43,unknown,
477,419,1,NE-1510-C1,occupied,,900.0,150.0,2026-07-23 02:43:43,unknown,
478,420,1,NE-1510-D1,occupied,,1200.0,150.0,2026-07-23 02:43:43,unknown,
479,421,1,NE-1512-A1,special-use,Empty,3640.0,640.0,2026-07-23 02:43:43,unknown,
480,421,2,NE-1512-A2,special-use,Empty,0.0,0.0,2026-07-23 02:43:43,unknown,
481,422,1,NE-1512-B1,occupied,,0.0,0.0,2026-07-23 02:43:43,unknown,
482,422,2,NE-1512-B2,occupied,,0.0,0.0,2026-07-23 02:43:43,unknown,
483,423,1,NE-1512-C1,occupied,,0.0,0.0,2026-07-23 02:43:43,unknown,
484,423,2,NE-1512-C2,occupied,,0.0,0.0,2026-07-23 02:43:43,unknown,
485,424,1,NE-1512-D1,occupied,,0.0,0.0,2026-07-23 02:43:43,unknown,
486,424,2,NE-1512-D2,occupied,,0.0,0.0,2026-07-23 02:43:43,unknown,
487,425,1,NE-1605-A1,occupied,,1000.0,150.0,2026-07-23 02:43:43,unknown,
488,426,1,NE-1605-B1,occupied,,1100.0,150.0,2026-07-23 02:43:43,unknown,
489,427,1,NE-1605-C1,occupied,,650.0,150.0,2026-07-23 02:43:43,unknown,
490,427,2,NE-1605-C2,occupied,,650.0,150.0,2026-07-23 02:43:43,unknown,
491,428,1,NE-1605-D1,occupied,,750.0,150.0,2026-07-23 02:43:43,unknown,
492,428,2,NE-1605-D2,occupied,,750.0,150.0,2026-07-23 02:43:43,unknown,
493,429,1,NE-1610-A1,occupied,,900.0,150.0,2026-07-23 02:43:43,unknown,
494,430,1,NE-1610-B1,occupied,,1100.0,150.0,2026-07-23 02:43:43,unknown,
495,431,1,NE-1610-C1,occupied,,1200.0,150.0,2026-07-23 02:43:43,unknown,
496,432,1,NE-1610-D1,occupied,,1300.0,150.0,2026-07-23 02:43:43,unknown,
497,433,1,NE-1705-A1,occupied,,800.0,150.0,2026-07-23 02:43:43,unknown,
498,434,1,NE-1705-B1,occupied,,900.0,150.0,2026-07-23 02:43:43,unknown,
499,435,1,NE-1705-C1,occupied,,900.0,150.0,2026-07-23 02:43:43,unknown,
500,436,1,NE-1705-D1,occupied,,1200.0,150.0,2026-07-23 02:43:43,unknown,
501,437,1,NE-1709-A1,occupied,,600.0,150.0,2026-07-23 02:43:43,unknown,
502,437,2,NE-1709-A2,occupied,,600.0,150.0,2026-07-23 02:43:43,unknown,
503,438,1,NE-1709-B1,vacant,,,,2026-07-23 02:43:43,unknown,
504,438,2,NE-1709-B2,occupied,,620.0,150.0,2026-07-23 02:43:43,unknown,
505,439,1,NE-1709-C1,occupied,,650.0,150.0,2026-07-23 02:43:43,unknown,
506,439,2,NE-1709-C2,occupied,,650.0,150.0,2026-07-23 02:43:43,unknown,
507,440,1,NE-1709-D1,occupied,,900.0,150.0,2026-07-23 02:43:43,unknown,
508,440,2,NE-1709-D2,occupied,,750.0,150.0,2026-07-23 02:43:43,unknown,
509,441,1,NE-1711-A1,occupied,,750.0,150.0,2026-07-23 02:43:43,unknown,
510,441,2,NE-1711-A2,special-use,taken by Ryan Lai,,,2026-07-23 02:43:43,unknown,
511,442,1,NE-1711-B1,occupied,,620.0,150.0,2026-07-23 02:43:43,unknown,
512,442,2,NE-1711-B2,occupied,,620.0,150.0,2026-07-23 02:43:43,unknown,
513,443,1,NE-1711-C1,occupied,,650.0,150.0,2026-07-23 02:43:43,unknown,
514,443,2,NE-1711-C2,vacant,,,,2026-07-23 02:43:43,unknown,
515,444,1,NE-1711-D1,occupied,,750.0,150.0,2026-07-23 02:43:43,unknown,
516,444,2,NE-1711-D2,occupied,,750.0,150.0,2026-07-23 02:43:43,unknown,
517,445,1,NE-1711A-A1,occupied,,3900.0,640.0,2026-07-23 02:43:43,unknown,
518,445,2,NE-1711A-A2,occupied,,0.0,0.0,2026-07-23 02:43:43,unknown,
519,446,1,NE-1711A-B1,occupied,,0.0,0.0,2026-07-23 02:43:43,unknown,
520,446,2,NE-1711A-B2,occupied,,0.0,0.0,2026-07-23 02:43:43,unknown,
521,447,1,NE-1711A-C1,occupied,,0.0,0.0,2026-07-23 02:43:43,unknown,
522,447,2,NE-1711A-C2,occupied,,0.0,0.0,2026-07-23 02:43:43,unknown,
523,448,1,NE-1711A-D1,occupied,,0.0,0.0,2026-07-23 02:43:43,unknown,
524,448,2,NE-1711A-D2,occupied,,0.0,0.0,2026-07-23 02:43:43,unknown,
525,449,1,NE-1801-A1,occupied,,1000.0,150.0,2026-07-23 02:43:43,unknown,
526,450,1,NE-1801-B1,occupied,,1100.0,150.0,2026-07-23 02:43:43,unknown,
527,451,1,NE-1801-C1,vacant,,,,2026-07-23 02:43:43,unknown,
528,452,1,NE-1801-D1,occupied,,1200.0,150.0,2026-07-23 02:43:43,unknown,
529,453,1,NE-1805-A1,occupied,,900.0,150.0,2026-07-23 02:43:43,unknown,
530,454,1,NE-1805-B1,occupied,,1000.0,150.0,2026-07-23 02:43:43,unknown,
531,455,1,NE-1805-C1,occupied,,1200.0,150.0,2026-07-23 02:43:43,unknown,
532,456,1,NE-1805-D1,occupied,,1560.0,150.0,2026-07-23 02:43:43,unknown,
533,457,1,NE-1811-A1,occupied,,800.0,150.0,2026-07-23 02:43:43,unknown,
534,458,1,NE-1811-B1,occupied,,1100.0,150.0,2026-07-23 02:43:43,unknown,
535,459,1,NE-1811-C1,occupied,,900.0,150.0,2026-07-23 02:43:43,unknown,
536,460,1,NE-1811-D1,occupied,,1200.0,150.0,2026-07-23 02:43:43,unknown,
537,461,1,NE-1903-A1,occupied,,4100.0,1040.0,2026-07-23 02:43:43,unknown,
538,461,2,NE-1903-A2,special-use,taken by Weststar,,,2026-07-23 02:43:43,unknown,
539,462,1,NE-1903-B1,special-use,taken by Weststar,,,2026-07-23 02:43:43,unknown,
540,462,2,NE-1903-B2,special-use,taken by Weststar,,,2026-07-23 02:43:43,unknown,
541,463,1,NE-1903-C1,special-use,taken by Weststar,,,2026-07-23 02:43:43,unknown,
542,463,2,NE-1903-C2,special-use,taken by Weststar,,,2026-07-23 02:43:43,unknown,
543,464,1,NE-1903-D1,special-use,taken by Weststar,,,2026-07-23 02:43:43,unknown,
544,464,2,NE-1903-D2,special-use,taken by Weststar,,,2026-07-23 02:43:43,unknown,
545,465,1,NE-1911-A1,occupied,,3640.0,640.0,2026-07-23 02:43:43,unknown,
546,465,2,NE-1911-A2,occupied,,0.0,0.0,2026-07-23 02:43:43,unknown,
547,466,1,NE-1911-B1,occupied,,0.0,0.0,2026-07-23 02:43:43,unknown,
548,466,2,NE-1911-B2,occupied,,0.0,0.0,2026-07-23 02:43:43,unknown,
549,467,1,NE-1911-C1,occupied,,0.0,0.0,2026-07-23 02:43:43,unknown,
550,467,2,NE-1911-C2,occupied,,0.0,0.0,2026-07-23 02:43:43,unknown,
551,467,3,NE-1911-C3,occupied,,0.0,0.0,2026-07-23 02:43:43,unknown,
552,468,1,NE-1911-D1,occupied,,0.0,0.0,2026-07-23 02:43:43,unknown,
553,468,2,NE-1911-D2,occupied,,0.0,0.0,2026-07-23 02:43:43,unknown,
554,468,3,NE-1911-D3,occupied,,0.0,0.0,2026-07-23 02:43:43,unknown,
555,469,1,16-2-A1,vacant,,,,2026-07-23 02:43:43,unknown,
556,469,2,16-2-A2,occupied,,390.0,50.0,2026-07-23 02:43:43,unknown,
557,470,1,16-2-B1,vacant,,,,2026-07-23 02:43:43,unknown,
558,471,1,16-2-C1,vacant,,,,2026-07-23 02:43:43,unknown,
559,472,1,16-2-D1,occupied,,550.0,50.0,2026-07-23 02:43:43,unknown,
560,473,1,16-2-E1,vacant,,,,2026-07-23 02:43:43,unknown,
561,474,1,16-2-F1,vacant,,,,2026-07-23 02:43:43,unknown,
562,475,1,16-2-G1,occupied,,600.0,50.0,2026-07-23 02:43:43,unknown,
563,476,1,16-2-H1,occupied,,600.0,50.0,2026-07-23 02:43:43,unknown,
564,477,1,16-3-A1,vacant,,,,2026-07-23 02:43:43,unknown,
565,478,1,16-3-B1,occupied,,650.0,50.0,2026-07-23 02:43:43,unknown,
566,479,1,16-3-C1,vacant,,,,2026-07-23 02:43:43,unknown,
567,480,1,16-3-D1,vacant,,,,2026-07-23 02:43:43,unknown,
568,481,1,16-3-E1,vacant,,,,2026-07-23 02:43:43,unknown,
569,482,1,16-3-F1,vacant,,,,2026-07-23 02:43:43,unknown,
570,483,1,16-3-G1,occupied,,500.0,50.0,2026-07-23 02:43:43,unknown,
571,484,1,16-3-H1,vacant,,,,2026-07-23 02:43:43,unknown,
572,484,2,16-3-H2,occupied,,400.0,50.0,2026-07-23 02:43:43,unknown,
573,485,1,16-3-I1,vacant,,,,2026-07-23 02:43:43,unknown,
574,485,2,16-3-I2,vacant,,,,2026-07-23 02:43:43,unknown,
575,486,1,SR2A-A1,occupied,,6800.0,1500.0,2026-07-23 02:43:43,unknown,
576,486,2,SR2A-A2,occupied,,0.0,0.0,2026-07-23 02:43:43,unknown,
577,487,1,SR2A-B1,occupied,,0.0,0.0,2026-07-23 02:43:43,unknown,
578,487,2,SR2A-B2,occupied,,0.0,0.0,2026-07-23 02:43:43,unknown,
579,487,3,SR2A-B3,occupied,,0.0,0.0,2026-07-23 02:43:43,unknown,
580,487,4,SR2A-B4,occupied,,0.0,0.0,2026-07-23 02:43:43,unknown,
581,488,1,SR2A-C1,occupied,,0.0,0.0,2026-07-23 02:43:43,unknown,
582,488,2,SR2A-C2,occupied,,0.0,0.0,2026-07-23 02:43:43,unknown,
583,489,1,SR2A-D1,occupied,,0.0,0.0,2026-07-23 02:43:43,unknown,
584,490,1,SR2A-E1,occupied,,0.0,0.0,2026-07-23 02:43:43,unknown,
585,490,2,SR2A-E2,occupied,,0.0,0.0,2026-07-23 02:43:43,unknown,
586,490,3,SR2A-E3,occupied,,0.0,0.0,2026-07-23 02:43:43,unknown,
587,490,4,SR2A-E4,occupied,,0.0,0.0,2026-07-23 02:43:43,unknown,
588,491,1,SR2A-F1,occupied,,0.0,0.0,2026-07-23 02:43:43,unknown,
589,491,2,SR2A-F2,occupied,,0.0,0.0,2026-07-23 02:43:43,unknown,
590,492,1,SR3-A1,occupied,,2000.0,400.0,2026-07-23 02:43:43,unknown,
591,492,2,SR3-A2,occupied,,0.0,0.0,2026-07-23 02:43:43,unknown,
592,493,1,SR3-B1,occupied,,1000.0,200.0,2026-07-23 02:43:43,unknown,
593,493,2,SR3-B2,occupied,,0.0,0.0,2026-07-23 02:43:43,unknown,
594,494,1,SR3-C1,vacant,,,,2026-07-23 02:43:43,unknown,
595,495,1,SR3-D1,occupied,,0.0,0.0,2026-07-23 02:43:43,unknown,
596,495,2,SR3-D2,occupied,,0.0,0.0,2026-07-23 02:43:43,unknown,
597,496,1,SR3-E1,special-use,Currently Store Room,,,2026-07-23 02:43:43,unknown,
598,497,1,SR3-F1,vacant,,,,2026-07-23 02:43:43,unknown,
599,497,2,SR3-F2,occupied,,650.0,50.0,2026-07-23 02:43:43,unknown,
600,498,1,SR3-G1,vacant,,,,2026-07-23 02:43:43,unknown,
601,499,1,SR3-H1,vacant,,,,2026-07-23 02:43:43,unknown,
602,499,2,SR3-H2,vacant,,,,2026-07-23 02:43:43,unknown,
603,500,1,SR5-A1,occupied,,7400.0,1700.0,2026-07-23 02:43:43,unknown,
604,500,2,SR5-A2,occupied,,0.0,0.0,2026-07-23 02:43:43,unknown,
605,501,1,SR5-C1,occupied,,0.0,0.0,2026-07-23 02:43:43,unknown,
606,501,2,SR5-C2,occupied,,0.0,0.0,2026-07-23 02:43:43,unknown,
607,501,3,SR5-C3,occupied,,0.0,0.0,2026-07-23 02:43:43,unknown,
608,501,4,SR5-C4,occupied,,0.0,0.0,2026-07-23 02:43:43,unknown,
609,502,1,SR5-D1,occupied,,0.0,0.0,2026-07-23 02:43:43,unknown,
610,502,2,SR5-D2,occupied,,0.0,0.0,2026-07-23 02:43:43,unknown,
611,503,1,SR5-E1,occupied,,0.0,0.0,2026-07-23 02:43:43,unknown,
612,504,1,SR5-F1,occupied,,0.0,0.0,2026-07-23 02:43:43,unknown,
613,504,2,SR5-F2,occupied,,0.0,0.0,2026-07-23 02:43:43,unknown,
614,504,3,SR5-F3,occupied,,0.0,0.0,2026-07-23 02:43:43,unknown,
615,504,4,SR5-F4,occupied,,0.0,0.0,2026-07-23 02:43:43,unknown,
616,505,1,SR5-G1,occupied,,0.0,0.0,2026-07-23 02:43:43,unknown,
617,506,1,SR5-H1,occupied,,0.0,0.0,2026-07-23 02:43:43,unknown,
618,506,2,SR5-H2,occupied,,0.0,0.0,2026-07-23 02:43:43,unknown,
619,506,3,SR5-H3,occupied,,0.0,0.0,2026-07-23 02:43:43,unknown,
620,507,1,SR12-A1,occupied,,7400.0,1700.0,2026-07-23 02:43:43,unknown,
621,507,2,SR12-A2,occupied,,0.0,0.0,2026-07-23 02:43:43,unknown,
622,508,1,SR12-B1,occupied,,0.0,0.0,2026-07-23 02:43:43,unknown,
623,508,2,SR12-B2,occupied,,0.0,0.0,2026-07-23 02:43:43,unknown,
624,508,3,SR12-B3,occupied,,0.0,0.0,2026-07-23 02:43:43,unknown,
625,508,4,SR12-B4,occupied,,0.0,0.0,2026-07-23 02:43:43,unknown,
626,509,1,SR12-C1,occupied,,0.0,0.0,2026-07-23 02:43:43,unknown,
627,509,2,SR12-C2,occupied,,0.0,0.0,2026-07-23 02:43:43,unknown,
628,510,1,SR12-D1,occupied,,0.0,0.0,2026-07-23 02:43:43,unknown,
629,511,1,SR12-E1,occupied,,0.0,0.0,2026-07-23 02:43:43,unknown,
630,511,2,SR12-E2,occupied,,0.0,0.0,2026-07-23 02:43:43,unknown,
631,511,3,SR12-E3,occupied,,0.0,0.0,2026-07-23 02:43:43,unknown,
632,511,4,SR12-E4,occupied,,0.0,0.0,2026-07-23 02:43:43,unknown,
633,512,1,SR12-F1,occupied,,0.0,0.0,2026-07-23 02:43:43,unknown,
634,512,2,SR12-F2,occupied,,0.0,0.0,2026-07-23 02:43:43,unknown,
635,512,3,SR12-F3,occupied,,0.0,0.0,2026-07-23 02:43:43,unknown,
636,512,4,SR12-F4,occupied,,0.0,0.0,2026-07-23 02:43:43,unknown,
637,513,1,SR23-A1,vacant,,,,2026-07-23 02:43:43,unknown,
638,513,2,SR23-A2,vacant,,,,2026-07-23 02:43:43,unknown,
639,514,1,SR23-B1,vacant,,,,2026-07-23 02:43:43,unknown,
640,514,2,SR23-B2,vacant,,,,2026-07-23 02:43:43,unknown,
641,514,3,SR23-B3,vacant,,,,2026-07-23 02:43:43,unknown,
642,514,4,SR23-B4,vacant,,,,2026-07-23 02:43:43,unknown,
643,515,1,SR23-C1,vacant,,,,2026-07-23 02:43:43,unknown,
644,515,2,SR23-C2,vacant,,,,2026-07-23 02:43:43,unknown,
645,516,1,SR23-D1,vacant,,,,2026-07-23 02:43:43,unknown,
646,516,2,SR23-D2,vacant,,,,2026-07-23 02:43:43,unknown,
647,517,1,SR23-E1,vacant,,,,2026-07-23 02:43:43,unknown,
648,517,2,SR23-E2,vacant,,,,2026-07-23 02:43:43,unknown,
649,517,3,SR23-E3,vacant,,,,2026-07-23 02:43:43,unknown,
650,517,4,SR23-E4,vacant,,,,2026-07-23 02:43:43,unknown,
651,518,1,SR23-F1,vacant,,,,2026-07-23 02:43:43,unknown,
652,518,2,SR23-F2,vacant,,,,2026-07-23 02:43:43,unknown,
653,518,3,SR23-F3,vacant,,,,2026-07-23 02:43:43,unknown,
654,518,4,SR23-F4,vacant,,,,2026-07-23 02:43:43,unknown,
655,519,1,SR31-A1,occupied,,6800.0,1500.0,2026-07-23 02:43:43,unknown,
656,519,2,SR31-A2,occupied,,0.0,0.0,2026-07-23 02:43:43,unknown,
657,520,1,SR31-B1,occupied,,0.0,0.0,2026-07-23 02:43:43,unknown,
658,520,2,SR31-B2,occupied,,0.0,0.0,2026-07-23 02:43:43,unknown,
659,520,3,SR31-B3,occupied,,0.0,0.0,2026-07-23 02:43:43,unknown,
660,520,4,SR31-B4,occupied,,0.0,0.0,2026-07-23 02:43:43,unknown,
661,521,1,SR31-C1,occupied,,0.0,0.0,2026-07-23 02:43:43,unknown,
662,521,2,SR31-C2,occupied,,0.0,0.0,2026-07-23 02:43:43,unknown,
663,522,1,SR31-D1,occupied,,0.0,0.0,2026-07-23 02:43:43,unknown,
664,523,1,SR31-E1,occupied,,0.0,0.0,2026-07-23 02:43:43,unknown,
665,523,2,SR31-E2,occupied,,0.0,0.0,2026-07-23 02:43:43,unknown,
666,523,3,SR31-E3,occupied,,0.0,0.0,2026-07-23 02:43:43,unknown,
667,523,4,SR31-E4,occupied,,0.0,0.0,2026-07-23 02:43:43,unknown,
668,524,1,SR31-F1,occupied,,0.0,0.0,2026-07-23 02:43:43,unknown,
669,524,2,SR31-F2,occupied,,0.0,0.0,2026-07-23 02:43:43,unknown,
