id,invoice_no,cycle_id,student_id,assignment_id,due_date,status,total_amount,amount_paid,invoice_frequency,created_at
1,INV-1-1,1,1,1,2026-07-31,unpaid,399.0,0.0,on-request,2026-07-24 00:00:06
2,INV-1-2,1,2,2,2026-07-31,unpaid,399.0,0.0,on-request,2026-07-24 00:00:06
3,INV-1-3,1,3,3,2026-07-31,unpaid,700.0,0.0,on-request,2026-07-24 00:00:06
4,INV-1-4,1,4,4,2026-07-31,unpaid,599.0,0.0,on-request,2026-07-24 00:00:06
5,INV-1-5,1,5,5,2026-07-31,unpaid,800.0,0.0,on-request,2026-07-24 00:00:07
6,INV-1-6,1,6,6,2026-07-31,unpaid,499.0,0.0,on-request,2026-07-24 00:00:07
7,INV-1-7,1,7,7,2026-07-31,unpaid,680.0,0.0,on-request,2026-07-24 00:00:07
8,INV-1-8,1,8,8,2026-07-31,unpaid,690.0,0.0,on-request,2026-07-24 00:00:07
9,INV-1-9,1,9,9,2026-07-31,unpaid,800.0,0.0,on-request,2026-07-24 00:00:07
10,INV-1-10,1,10,10,2026-07-31,unpaid,580.0,0.0,on-request,2026-07-24 00:00:07
11,INV-1-11,1,11,11,2026-07-31,unpaid,680.0,0.0,on-request,2026-07-24 00:00:07
12,INV-1-12,1,12,12,2026-07-31,unpaid,690.0,0.0,on-request,2026-07-24 00:00:07
13,INV-1-13,1,13,13,2026-07-31,unpaid,449.0,0.0,on-request,2026-07-24 00:00:07
14,INV-1-14,1,14,14,2026-07-31,unpaid,400.0,0.0,on-request,2026-07-24 00:00:07
15,INV-1-15,1,15,15,2026-07-31,unpaid,680.0,0.0,on-request,2026-07-24 00:00:07
16,INV-1-16,1,16,16,2026-07-31,unpaid,499.0,0.0,on-request,2026-07-24 00:00:07
17,INV-1-17,1,17,17,2026-07-31,unpaid,499.0,0.0,on-request,2026-07-24 00:00:07
18,INV-1-18,1,18,18,2026-07-31,unpaid,750.0,0.0,on-request,2026-07-24 00:00:07
19,INV-1-19,1,19,19,2026-07-31,unpaid,690.0,0.0,on-request,2026-07-24 00:00:07
20,INV-1-20,1,20,20,2026-07-31,unpaid,790.0,0.0,on-request,2026-07-24 00:00:07
21,INV-1-21,1,21,21,2026-07-31,unpaid,500.0,0.0,on-request,2026-07-24 00:00:07
22,INV-1-22,1,22,22,2026-07-31,unpaid,750.0,0.0,on-request,2026-07-24 00:00:07
23,INV-1-23,1,23,23,2026-07-31,unpaid,600.0,0.0,on-request,2026-07-24 00:00:07
24,INV-1-24,1,24,24,2026-07-31,unpaid,900.0,0.0,on-request,2026-07-24 00:00:07
25,INV-1-25,1,25,25,2026-07-31,unpaid,690.0,0.0,on-request,2026-07-24 00:00:07
26,INV-1-26,1,26,26,2026-07-31,unpaid,690.0,0.0,on-request,2026-07-24 00:00:07
27,INV-1-27,1,27,27,2026-07-31,unpaid,900.0,0.0,on-request,2026-07-24 00:00:07
28,INV-1-28,1,28,28,2026-07-31,unpaid,500.0,0.0,on-request,2026-07-24 00:00:07
29,INV-1-29,1,29,29,2026-07-31,unpaid,650.0,0.0,on-request,2026-07-24 00:00:07
30,INV-1-30,1,30,30,2026-07-31,unpaid,600.0,0.0,on-request,2026-07-24 00:00:07
31,INV-1-31,1,31,31,2026-07-31,unpaid,550.0,0.0,on-request,2026-07-24 00:00:07
32,INV-1-32,1,32,32,2026-07-31,unpaid,650.0,0.0,on-request,2026-07-24 00:00:07
33,INV-1-33,1,33,33,2026-07-31,unpaid,690.0,0.0,on-request,2026-07-24 00:00:07
34,INV-1-34,1,34,34,2026-07-31,unpaid,900.0,0.0,on-request,2026-07-24 00:00:07
35,INV-1-35,1,35,35,2026-07-31,unpaid,590.0,0.0,on-request,2026-07-24 00:00:07
36,INV-1-36,1,36,36,2026-07-31,unpaid,600.0,0.0,on-request,2026-07-24 00:00:07
37,INV-1-37,1,37,37,2026-07-31,unpaid,900.0,0.0,on-request,2026-07-24 00:00:07
38,INV-1-38,1,38,38,2026-07-31,unpaid,500.0,0.0,on-request,2026-07-24 00:00:07
39,INV-1-39,1,39,39,2026-07-31,unpaid,690.0,0.0,on-request,2026-07-24 00:00:07
40,INV-1-40,1,40,40,2026-07-31,unpaid,690.0,0.0,on-request,2026-07-24 00:00:07
41,INV-1-41,1,41,41,2026-07-31,unpaid,790.0,0.0,on-request,2026-07-24 00:00:07
42,INV-1-42,1,42,42,2026-07-31,unpaid,500.0,0.0,on-request,2026-07-24 00:00:07
43,INV-1-43,1,43,43,2026-07-31,unpaid,690.0,0.0,on-request,2026-07-24 00:00:07
44,INV-1-44,1,44,44,2026-07-31,unpaid,690.0,0.0,on-request,2026-07-24 00:00:07
45,INV-1-45,1,45,45,2026-07-31,unpaid,900.0,0.0,on-request,2026-07-24 00:00:07
46,INV-1-46,1,46,46,2026-07-31,unpaid,590.0,0.0,on-request,2026-07-24 00:00:07
47,INV-1-47,1,47,47,2026-07-31,unpaid,690.0,0.0,on-request,2026-07-24 00:00:07
48,INV-1-48,1,48,48,2026-07-31,unpaid,690.0,0.0,on-request,2026-07-24 00:00:07
49,INV-1-49,1,49,49,2026-07-31,unpaid,590.0,0.0,on-request,2026-07-24 00:00:07
50,INV-1-50,1,50,50,2026-07-31,unpaid,900.0,0.0,on-request,2026-07-24 00:00:07
51,INV-1-51,1,51,51,2026-07-31,unpaid,590.0,0.0,on-request,2026-07-24 00:00:07
52,INV-1-52,1,52,52,2026-07-31,unpaid,690.0,0.0,on-request,2026-07-24 00:00:07
53,INV-1-53,1,53,53,2026-07-31,unpaid,1000.0,0.0,on-request,2026-07-24 00:00:07
54,INV-1-54,1,54,54,2026-07-31,unpaid,900.0,0.0,on-request,2026-07-24 00:00:07
55,INV-1-55,1,55,55,2026-07-31,unpaid,590.0,0.0,on-request,2026-07-24 00:00:07
56,INV-1-56,1,56,56,2026-07-31,unpaid,650.0,0.0,on-request,2026-07-24 00:00:07
57,INV-1-57,1,57,57,2026-07-31,unpaid,690.0,0.0,on-request,2026-07-24 00:00:07
58,INV-1-58,1,58,58,2026-07-31,unpaid,900.0,0.0,on-request,2026-07-24 00:00:07
59,INV-1-59,1,59,59,2026-07-31,unpaid,500.0,0.0,on-request,2026-07-24 00:00:07
60,INV-1-60,1,60,60,2026-07-31,unpaid,690.0,0.0,on-request,2026-07-24 00:00:07
61,INV-1-61,1,61,61,2026-07-31,unpaid,490.0,0.0,on-request,2026-07-24 00:00:07
62,INV-1-62,1,62,62,2026-07-31,unpaid,690.0,0.0,on-request,2026-07-24 00:00:07
63,INV-1-63,1,63,63,2026-07-31,unpaid,490.0,0.0,on-request,2026-07-24 00:00:07
64,INV-1-64,1,64,64,2026-07-31,unpaid,750.0,0.0,on-request,2026-07-24 00:00:07
65,INV-1-65,1,65,65,2026-07-31,unpaid,650.0,0.0,on-request,2026-07-24 00:00:07
66,INV-1-66,1,66,66,2026-07-31,unpaid,490.0,0.0,on-request,2026-07-24 00:00:07
67,INV-1-67,1,67,67,2026-07-31,unpaid,690.0,0.0,on-request,2026-07-24 00:00:07
68,INV-1-68,1,68,68,2026-07-31,unpaid,900.0,0.0,on-request,2026-07-24 00:00:07
69,INV-1-69,1,69,69,2026-07-31,unpaid,590.0,0.0,on-request,2026-07-24 00:00:07
70,INV-1-70,1,70,70,2026-07-31,unpaid,750.0,0.0,on-request,2026-07-24 00:00:07
71,INV-1-71,1,71,71,2026-07-31,unpaid,690.0,0.0,on-request,2026-07-24 00:00:07
72,INV-1-72,1,72,72,2026-07-31,unpaid,500.0,0.0,on-request,2026-07-24 00:00:07
73,INV-1-73,1,73,73,2026-07-31,unpaid,650.0,0.0,on-request,2026-07-24 00:00:07
74,INV-1-74,1,74,74,2026-07-31,unpaid,690.0,0.0,on-request,2026-07-24 00:00:07
75,INV-1-75,1,75,75,2026-07-31,unpaid,650.0,0.0,on-request,2026-07-24 00:00:07
76,INV-1-76,1,76,76,2026-07-31,unpaid,600.0,0.0,on-request,2026-07-24 00:00:07
77,INV-1-77,1,77,77,2026-07-31,unpaid,900.0,0.0,on-request,2026-07-24 00:00:07
78,INV-1-78,1,78,78,2026-07-31,unpaid,500.0,0.0,on-request,2026-07-24 00:00:07
79,INV-1-79,1,79,79,2026-07-31,unpaid,600.0,0.0,on-request,2026-07-24 00:00:07
80,INV-1-80,1,80,80,2026-07-31,unpaid,900.0,0.0,on-request,2026-07-24 00:00:07
81,INV-1-81,1,81,81,2026-07-31,unpaid,590.0,0.0,on-request,2026-07-24 00:00:07
82,INV-1-82,1,82,82,2026-07-31,unpaid,690.0,0.0,on-request,2026-07-24 00:00:07
83,INV-1-83,1,83,83,2026-07-31,unpaid,600.0,0.0,on-request,2026-07-24 00:00:07
84,INV-1-84,1,84,84,2026-07-31,unpaid,450.0,0.0,on-request,2026-07-24 00:00:07
85,INV-1-85,1,85,85,2026-07-31,unpaid,650.0,0.0,on-request,2026-07-24 00:00:07
86,INV-1-86,1,86,86,2026-07-31,unpaid,600.0,0.0,on-request,2026-07-24 00:00:07
87,INV-1-87,1,87,87,2026-07-31,unpaid,790.0,0.0,on-request,2026-07-24 00:00:07
88,INV-1-88,1,88,88,2026-07-31,unpaid,600.0,0.0,on-request,2026-07-24 00:00:07
89,INV-1-89,1,89,89,2026-07-31,unpaid,900.0,0.0,on-request,2026-07-24 00:00:07
90,INV-1-90,1,90,90,2026-07-31,unpaid,590.0,0.0,on-request,2026-07-24 00:00:07
91,INV-1-91,1,91,91,2026-07-31,unpaid,800.0,0.0,on-request,2026-07-24 00:00:07
92,INV-1-92,1,92,92,2026-07-31,unpaid,800.0,0.0,on-request,2026-07-24 00:00:07
93,INV-1-93,1,93,93,2026-07-31,unpaid,500.0,0.0,on-request,2026-07-24 00:00:07
94,INV-1-94,1,94,94,2026-07-31,unpaid,600.0,0.0,on-request,2026-07-24 00:00:07
95,INV-1-95,1,95,95,2026-07-31,unpaid,690.0,0.0,on-request,2026-07-24 00:00:07
96,INV-1-96,1,96,96,2026-07-31,unpaid,900.0,0.0,on-request,2026-07-24 00:00:07
97,INV-1-97,1,97,97,2026-07-31,unpaid,590.0,0.0,on-request,2026-07-24 00:00:07
98,INV-1-98,1,98,98,2026-07-31,unpaid,690.0,0.0,on-request,2026-07-24 00:00:07
99,INV-1-99,1,99,99,2026-07-31,unpaid,600.0,0.0,on-request,2026-07-24 00:00:07
100,INV-1-100,1,100,100,2026-07-31,unpaid,790.0,0.0,on-request,2026-07-24 00:00:07
101,INV-1-101,1,101,101,2026-07-31,unpaid,490.0,0.0,on-request,2026-07-24 00:00:07
102,INV-1-102,1,102,102,2026-07-31,unpaid,590.0,0.0,on-request,2026-07-24 00:00:07
103,INV-1-103,1,103,103,2026-07-31,unpaid,590.0,0.0,on-request,2026-07-24 00:00:07
104,INV-1-104,1,104,104,2026-07-31,unpaid,750.0,0.0,on-request,2026-07-24 00:00:07
105,INV-1-105,1,105,105,2026-07-31,unpaid,600.0,0.0,on-request,2026-07-24 00:00:07
106,INV-1-106,1,106,106,2026-07-31,unpaid,900.0,0.0,on-request,2026-07-24 00:00:07
107,INV-1-107,1,107,107,2026-07-31,unpaid,650.0,0.0,on-request,2026-07-24 00:00:07
108,INV-1-108,1,108,108,2026-07-31,unpaid,690.0,0.0,on-request,2026-07-24 00:00:07
109,INV-1-109,1,109,109,2026-07-31,unpaid,770.0,0.0,on-request,2026-07-24 00:00:07
110,INV-1-110,1,110,110,2026-07-31,unpaid,650.0,0.0,on-request,2026-07-24 00:00:07
111,INV-1-111,1,111,111,2026-07-31,unpaid,690.0,0.0,on-request,2026-07-24 00:00:07
112,INV-1-112,1,112,112,2026-07-31,unpaid,900.0,0.0,on-request,2026-07-24 00:00:07
113,INV-1-113,1,113,113,2026-07-31,unpaid,500.0,0.0,on-request,2026-07-24 00:00:07
114,INV-1-114,1,114,114,2026-07-31,unpaid,700.0,0.0,on-request,2026-07-24 00:00:07
115,INV-1-115,1,115,115,2026-07-31,unpaid,690.0,0.0,on-request,2026-07-24 00:00:07
116,INV-1-116,1,116,116,2026-07-31,unpaid,500.0,0.0,on-request,2026-07-24 00:00:07
117,INV-1-117,1,117,117,2026-07-31,unpaid,600.0,0.0,on-request,2026-07-24 00:00:07
118,INV-1-118,1,118,118,2026-07-31,unpaid,690.0,0.0,on-request,2026-07-24 00:00:07
119,INV-1-119,1,119,119,2026-07-31,unpaid,900.0,0.0,on-request,2026-07-24 00:00:07
120,INV-1-120,1,120,120,2026-07-31,unpaid,500.0,0.0,on-request,2026-07-24 00:00:07
121,INV-1-121,1,121,121,2026-07-31,unpaid,750.0,0.0,on-request,2026-07-24 00:00:07
122,INV-1-122,1,122,122,2026-07-31,unpaid,690.0,0.0,on-request,2026-07-24 00:00:07
123,INV-1-123,1,123,123,2026-07-31,unpaid,900.0,0.0,on-request,2026-07-24 00:00:07
124,INV-1-124,1,124,124,2026-07-31,unpaid,690.0,0.0,on-request,2026-07-24 00:00:07
125,INV-1-125,1,125,125,2026-07-31,unpaid,900.0,0.0,on-request,2026-07-24 00:00:07
126,INV-1-126,1,126,126,2026-07-31,unpaid,590.0,0.0,on-request,2026-07-24 00:00:07
127,INV-1-127,1,127,127,2026-07-31,unpaid,800.0,0.0,on-request,2026-07-24 00:00:07
128,INV-1-128,1,128,128,2026-07-31,unpaid,850.0,0.0,on-request,2026-07-24 00:00:07
129,INV-1-129,1,129,129,2026-07-31,unpaid,1000.0,0.0,on-request,2026-07-24 00:00:07
130,INV-1-130,1,130,130,2026-07-31,unpaid,1200.0,0.0,on-request,2026-07-24 00:00:07
131,INV-1-131,1,131,131,2026-07-31,unpaid,1000.0,0.0,on-request,2026-07-24 00:00:07
132,INV-1-132,1,132,132,2026-07-31,unpaid,850.0,0.0,on-request,2026-07-24 00:00:07
133,INV-1-133,1,133,133,2026-07-31,unpaid,900.0,0.0,on-request,2026-07-24 00:00:07
134,INV-1-134,1,134,134,2026-07-31,unpaid,1200.0,0.0,on-request,2026-07-24 00:00:07
135,INV-1-135,1,135,135,2026-07-31,unpaid,800.0,0.0,on-request,2026-07-24 00:00:07
136,INV-1-136,1,136,136,2026-07-31,unpaid,950.0,0.0,on-request,2026-07-24 00:00:07
137,INV-1-137,1,137,137,2026-07-31,unpaid,1200.0,0.0,on-request,2026-07-24 00:00:07
138,INV-1-138,1,138,138,2026-07-31,unpaid,1000.0,0.0,on-request,2026-07-24 00:00:07
139,INV-1-139,1,139,139,2026-07-31,unpaid,950.0,0.0,on-request,2026-07-24 00:00:07
140,INV-1-140,1,140,140,2026-07-31,unpaid,1200.0,0.0,on-request,2026-07-24 00:00:07
141,INV-1-141,1,141,141,2026-07-31,unpaid,1000.0,0.0,on-request,2026-07-24 00:00:07
142,INV-1-142,1,142,142,2026-07-31,unpaid,1000.0,0.0,on-request,2026-07-24 00:00:07
143,INV-1-143,1,143,143,2026-07-31,unpaid,1200.0,0.0,on-request,2026-07-24 00:00:07
144,INV-1-144,1,144,144,2026-07-31,unpaid,850.0,0.0,on-request,2026-07-24 00:00:07
145,INV-1-145,1,145,145,2026-07-31,unpaid,1000.0,0.0,on-request,2026-07-24 00:00:07
146,INV-1-146,1,146,146,2026-07-31,unpaid,1200.0,0.0,on-request,2026-07-24 00:00:07
147,INV-1-147,1,147,147,2026-07-31,unpaid,1080.0,0.0,on-request,2026-07-24 00:00:07
148,INV-1-148,1,148,148,2026-07-31,unpaid,1500.0,0.0,on-request,2026-07-24 00:00:07
149,INV-1-149,1,149,149,2026-07-31,unpaid,750.0,0.0,on-request,2026-07-24 00:00:07
150,INV-1-150,1,150,150,2026-07-31,unpaid,750.0,0.0,on-request,2026-07-24 00:00:07
151,INV-1-151,1,151,151,2026-07-31,unpaid,750.0,0.0,on-request,2026-07-24 00:00:07
152,INV-1-152,1,152,152,2026-07-31,unpaid,1000.0,0.0,on-request,2026-07-24 00:00:07
153,INV-1-153,1,153,153,2026-07-31,unpaid,1100.0,0.0,on-request,2026-07-24 00:00:07
154,INV-1-154,1,154,154,2026-07-31,unpaid,1200.0,0.0,on-request,2026-07-24 00:00:07
155,INV-1-155,1,155,155,2026-07-31,unpaid,1000.0,0.0,on-request,2026-07-24 00:00:07
156,INV-1-156,1,156,156,2026-07-31,unpaid,1100.0,0.0,on-request,2026-07-24 00:00:07
157,INV-1-157,1,157,157,2026-07-31,unpaid,1200.0,0.0,on-request,2026-07-24 00:00:07
158,INV-1-158,1,158,158,2026-07-31,unpaid,1300.0,0.0,on-request,2026-07-24 00:00:07
159,INV-1-159,1,159,159,2026-07-31,unpaid,1100.0,0.0,on-request,2026-07-24 00:00:07
160,INV-1-160,1,160,160,2026-07-31,unpaid,1200.0,0.0,on-request,2026-07-24 00:00:07
161,INV-1-161,1,161,161,2026-07-31,unpaid,4100.0,0.0,on-request,2026-07-24 00:00:07
162,INV-1-162,1,162,162,2026-07-31,unpaid,1100.0,0.0,on-request,2026-07-24 00:00:07
163,INV-1-163,1,163,163,2026-07-31,unpaid,1200.0,0.0,on-request,2026-07-24 00:00:07
164,INV-1-164,1,164,164,2026-07-31,unpaid,1200.0,0.0,on-request,2026-07-24 00:00:07
165,INV-1-165,1,165,165,2026-07-31,unpaid,1200.0,0.0,on-request,2026-07-24 00:00:07
166,INV-1-166,1,166,166,2026-07-31,unpaid,900.0,0.0,on-request,2026-07-24 00:00:07
167,INV-1-167,1,167,167,2026-07-31,unpaid,1100.0,0.0,on-request,2026-07-24 00:00:07
168,INV-1-168,1,168,168,2026-07-31,unpaid,1200.0,0.0,on-request,2026-07-24 00:00:07
169,INV-1-169,1,169,169,2026-07-31,unpaid,1300.0,0.0,on-request,2026-07-24 00:00:07
170,INV-1-170,1,170,170,2026-07-31,unpaid,800.0,0.0,on-request,2026-07-24 00:00:07
171,INV-1-171,1,171,171,2026-07-31,unpaid,1100.0,0.0,on-request,2026-07-24 00:00:07
172,INV-1-172,1,172,172,2026-07-31,unpaid,1200.0,0.0,on-request,2026-07-24 00:00:07
173,INV-1-173,1,173,173,2026-07-31,unpaid,1300.0,0.0,on-request,2026-07-24 00:00:07
174,INV-1-174,1,174,174,2026-07-31,unpaid,900.0,0.0,on-request,2026-07-24 00:00:07
175,INV-1-175,1,175,175,2026-07-31,unpaid,1100.0,0.0,on-request,2026-07-24 00:00:07
176,INV-1-176,1,176,176,2026-07-31,unpaid,1200.0,0.0,on-request,2026-07-24 00:00:07
177,INV-1-177,1,177,177,2026-07-31,unpaid,1000.0,0.0,on-request,2026-07-24 00:00:07
178,INV-1-178,1,178,178,2026-07-31,unpaid,1100.0,0.0,on-request,2026-07-24 00:00:07
179,INV-1-179,1,179,179,2026-07-31,unpaid,1100.0,0.0,on-request,2026-07-24 00:00:07
180,INV-1-180,1,180,180,2026-07-31,unpaid,1200.0,0.0,on-request,2026-07-24 00:00:07
181,INV-1-181,1,181,181,2026-07-31,unpaid,800.0,0.0,on-request,2026-07-24 00:00:07
182,INV-1-182,1,182,182,2026-07-31,unpaid,850.0,0.0,on-request,2026-07-24 00:00:07
183,INV-1-183,1,183,183,2026-07-31,unpaid,1200.0,0.0,on-request,2026-07-24 00:00:07
184,INV-1-184,1,184,184,2026-07-31,unpaid,1690.0,0.0,on-request,2026-07-24 00:00:07
185,INV-1-185,1,185,185,2026-07-31,unpaid,800.0,0.0,on-request,2026-07-24 00:00:07
186,INV-1-186,1,186,186,2026-07-31,unpaid,1100.0,0.0,on-request,2026-07-24 00:00:07
187,INV-1-187,1,187,187,2026-07-31,unpaid,1100.0,0.0,on-request,2026-07-24 00:00:07
188,INV-1-188,1,188,188,2026-07-31,unpaid,900.0,0.0,on-request,2026-07-24 00:00:07
189,INV-1-189,1,189,189,2026-07-31,unpaid,1100.0,0.0,on-request,2026-07-24 00:00:07
190,INV-1-190,1,190,190,2026-07-31,unpaid,900.0,0.0,on-request,2026-07-24 00:00:07
191,INV-1-191,1,191,191,2026-07-31,unpaid,1100.0,0.0,on-request,2026-07-24 00:00:07
192,INV-1-192,1,192,192,2026-07-31,unpaid,1100.0,0.0,on-request,2026-07-24 00:00:07
193,INV-1-193,1,193,193,2026-07-31,unpaid,1300.0,0.0,on-request,2026-07-24 00:00:07
194,INV-1-194,1,194,194,2026-07-31,unpaid,800.0,0.0,on-request,2026-07-24 00:00:07
195,INV-1-195,1,195,195,2026-07-31,unpaid,850.0,0.0,on-request,2026-07-24 00:00:07
196,INV-1-196,1,196,196,2026-07-31,unpaid,1100.0,0.0,on-request,2026-07-24 00:00:07
197,INV-1-197,1,197,197,2026-07-31,unpaid,1300.0,0.0,on-request,2026-07-24 00:00:07
198,INV-1-198,1,198,198,2026-07-31,unpaid,1000.0,0.0,on-request,2026-07-24 00:00:07
199,INV-1-199,1,199,199,2026-07-31,unpaid,850.0,0.0,on-request,2026-07-24 00:00:07
200,INV-1-200,1,200,200,2026-07-31,unpaid,1100.0,0.0,on-request,2026-07-24 00:00:07
201,INV-1-201,1,201,201,2026-07-31,unpaid,1000.0,0.0,on-request,2026-07-24 00:00:07
202,INV-1-202,1,202,202,2026-07-31,unpaid,1200.0,0.0,on-request,2026-07-24 00:00:07
203,INV-1-203,1,203,203,2026-07-31,unpaid,1300.0,0.0,on-request,2026-07-24 00:00:07
204,INV-1-204,1,204,204,2026-07-31,unpaid,800.0,0.0,on-request,2026-07-24 00:00:07
205,INV-1-205,1,205,205,2026-07-31,unpaid,1100.0,0.0,on-request,2026-07-24 00:00:07
206,INV-1-206,1,206,206,2026-07-31,unpaid,1200.0,0.0,on-request,2026-07-24 00:00:07
207,INV-1-207,1,207,207,2026-07-31,unpaid,1300.0,0.0,on-request,2026-07-24 00:00:07
208,INV-1-208,1,208,208,2026-07-31,unpaid,1200.0,0.0,on-request,2026-07-24 00:00:07
209,INV-1-209,1,209,209,2026-07-31,unpaid,1300.0,0.0,on-request,2026-07-24 00:00:07
210,INV-1-210,1,210,210,2026-07-31,unpaid,800.0,0.0,on-request,2026-07-24 00:00:07
211,INV-1-211,1,211,211,2026-07-31,unpaid,1100.0,0.0,on-request,2026-07-24 00:00:07
212,INV-1-212,1,212,212,2026-07-31,unpaid,1300.0,0.0,on-request,2026-07-24 00:00:07
213,INV-1-213,1,213,213,2026-07-31,unpaid,1000.0,0.0,on-request,2026-07-24 00:00:07
214,INV-1-214,1,214,214,2026-07-31,unpaid,1100.0,0.0,on-request,2026-07-24 00:00:07
215,INV-1-215,1,215,215,2026-07-31,unpaid,1200.0,0.0,on-request,2026-07-24 00:00:07
216,INV-1-216,1,216,216,2026-07-31,unpaid,1300.0,0.0,on-request,2026-07-24 00:00:07
217,INV-1-217,1,217,217,2026-07-31,unpaid,1000.0,0.0,on-request,2026-07-24 00:00:07
218,INV-1-218,1,218,218,2026-07-31,unpaid,1200.0,0.0,on-request,2026-07-24 00:00:07
219,INV-1-219,1,219,219,2026-07-31,unpaid,1300.0,0.0,on-request,2026-07-24 00:00:07
220,INV-1-220,1,220,220,2026-07-31,unpaid,1000.0,0.0,on-request,2026-07-24 00:00:07
221,INV-1-221,1,221,221,2026-07-31,unpaid,1000.0,0.0,on-request,2026-07-24 00:00:07
222,INV-1-222,1,222,222,2026-07-31,unpaid,1300.0,0.0,on-request,2026-07-24 00:00:07
223,INV-1-223,1,223,223,2026-07-31,unpaid,800.0,0.0,on-request,2026-07-24 00:00:07
224,INV-1-224,1,224,224,2026-07-31,unpaid,1000.0,0.0,on-request,2026-07-24 00:00:07
225,INV-1-225,1,225,225,2026-07-31,unpaid,1300.0,0.0,on-request,2026-07-24 00:00:07
226,INV-1-226,1,226,226,2026-07-31,unpaid,1100.0,0.0,on-request,2026-07-24 00:00:07
227,INV-1-227,1,227,227,2026-07-31,unpaid,800.0,0.0,on-request,2026-07-24 00:00:07
228,INV-1-228,1,228,228,2026-07-31,unpaid,1100.0,0.0,on-request,2026-07-24 00:00:07
229,INV-1-229,1,229,229,2026-07-31,unpaid,1200.0,0.0,on-request,2026-07-24 00:00:07
230,INV-1-230,1,230,230,2026-07-31,unpaid,1300.0,0.0,on-request,2026-07-24 00:00:07
231,INV-1-231,1,231,231,2026-07-31,unpaid,1000.0,0.0,on-request,2026-07-24 00:00:07
232,INV-1-232,1,232,232,2026-07-31,unpaid,1100.0,0.0,on-request,2026-07-24 00:00:07
233,INV-1-233,1,233,233,2026-07-31,unpaid,1200.0,0.0,on-request,2026-07-24 00:00:07
234,INV-1-234,1,234,234,2026-07-31,unpaid,1300.0,0.0,on-request,2026-07-24 00:00:07
235,INV-1-235,1,235,235,2026-07-31,unpaid,1000.0,0.0,on-request,2026-07-24 00:00:07
236,INV-1-236,1,236,236,2026-07-31,unpaid,1200.0,0.0,on-request,2026-07-24 00:00:07
237,INV-1-237,1,237,237,2026-07-31,unpaid,900.0,0.0,on-request,2026-07-24 00:00:07
238,INV-1-238,1,238,238,2026-07-31,unpaid,1200.0,0.0,on-request,2026-07-24 00:00:07
239,INV-1-239,1,239,239,2026-07-31,unpaid,1300.0,0.0,on-request,2026-07-24 00:00:07
240,INV-1-240,1,240,240,2026-07-31,unpaid,1000.0,0.0,on-request,2026-07-24 00:00:07
241,INV-1-241,1,241,241,2026-07-31,unpaid,1320.0,0.0,on-request,2026-07-24 00:00:07
242,INV-1-242,1,242,242,2026-07-31,unpaid,1200.0,0.0,on-request,2026-07-24 00:00:07
243,INV-1-243,1,243,243,2026-07-31,unpaid,1300.0,0.0,on-request,2026-07-24 00:00:07
244,INV-1-244,1,244,244,2026-07-31,unpaid,1000.0,0.0,on-request,2026-07-24 00:00:07
245,INV-1-245,1,245,245,2026-07-31,unpaid,1100.0,0.0,on-request,2026-07-24 00:00:07
246,INV-1-246,1,246,246,2026-07-31,unpaid,1200.0,0.0,on-request,2026-07-24 00:00:07
247,INV-1-247,1,247,247,2026-07-31,unpaid,1300.0,0.0,on-request,2026-07-24 00:00:07
248,INV-1-248,1,248,248,2026-07-31,unpaid,1000.0,0.0,on-request,2026-07-24 00:00:07
249,INV-1-249,1,249,249,2026-07-31,unpaid,1000.0,0.0,on-request,2026-07-24 00:00:07
250,INV-1-250,1,250,250,2026-07-31,unpaid,1200.0,0.0,on-request,2026-07-24 00:00:07
251,INV-1-251,1,251,251,2026-07-31,unpaid,600.0,0.0,on-request,2026-07-24 00:00:07
252,INV-1-252,1,252,252,2026-07-31,unpaid,600.0,0.0,on-request,2026-07-24 00:00:07
253,INV-1-253,1,253,253,2026-07-31,unpaid,650.0,0.0,on-request,2026-07-24 00:00:07
254,INV-1-254,1,254,254,2026-07-31,unpaid,650.0,0.0,on-request,2026-07-24 00:00:07
255,INV-1-255,1,255,255,2026-07-31,unpaid,750.0,0.0,on-request,2026-07-24 00:00:07
256,INV-1-256,1,256,256,2026-07-31,unpaid,1000.0,0.0,on-request,2026-07-24 00:00:07
257,INV-1-257,1,257,257,2026-07-31,unpaid,1320.0,0.0,on-request,2026-07-24 00:00:07
258,INV-1-258,1,258,258,2026-07-31,unpaid,850.0,0.0,on-request,2026-07-24 00:00:07
259,INV-1-259,1,259,259,2026-07-31,unpaid,1150.0,0.0,on-request,2026-07-24 00:00:07
260,INV-1-260,1,260,260,2026-07-31,unpaid,800.0,0.0,on-request,2026-07-24 00:00:07
261,INV-1-261,1,261,261,2026-07-31,unpaid,900.0,0.0,on-request,2026-07-24 00:00:07
262,INV-1-262,1,262,262,2026-07-31,unpaid,1000.0,0.0,on-request,2026-07-24 00:00:07
263,INV-1-263,1,263,263,2026-07-31,unpaid,1200.0,0.0,on-request,2026-07-24 00:00:07
264,INV-1-264,1,264,264,2026-07-31,unpaid,800.0,0.0,on-request,2026-07-24 00:00:07
265,INV-1-265,1,265,265,2026-07-31,unpaid,900.0,0.0,on-request,2026-07-24 00:00:07
266,INV-1-266,1,266,266,2026-07-31,unpaid,900.0,0.0,on-request,2026-07-24 00:00:07
267,INV-1-267,1,267,267,2026-07-31,unpaid,1200.0,0.0,on-request,2026-07-24 00:00:07
268,INV-1-268,1,268,268,2026-07-31,unpaid,550.0,0.0,on-request,2026-07-24 00:00:07
269,INV-1-269,1,269,269,2026-07-31,unpaid,600.0,0.0,on-request,2026-07-24 00:00:07
270,INV-1-270,1,270,270,2026-07-31,unpaid,620.0,0.0,on-request,2026-07-24 00:00:07
271,INV-1-271,1,271,271,2026-07-31,unpaid,620.0,0.0,on-request,2026-07-24 00:00:07
272,INV-1-272,1,272,272,2026-07-31,unpaid,650.0,0.0,on-request,2026-07-24 00:00:07
273,INV-1-273,1,273,273,2026-07-31,unpaid,650.0,0.0,on-request,2026-07-24 00:00:07
274,INV-1-274,1,274,274,2026-07-31,unpaid,650.0,0.0,on-request,2026-07-24 00:00:07
275,INV-1-275,1,275,275,2026-07-31,unpaid,650.0,0.0,on-request,2026-07-24 00:00:07
276,INV-1-276,1,276,276,2026-07-31,unpaid,550.0,0.0,on-request,2026-07-24 00:00:07
277,INV-1-277,1,277,277,2026-07-31,unpaid,600.0,0.0,on-request,2026-07-24 00:00:07
278,INV-1-278,1,278,278,2026-07-31,unpaid,650.0,0.0,on-request,2026-07-24 00:00:07
279,INV-1-279,1,279,279,2026-07-31,unpaid,650.0,0.0,on-request,2026-07-24 00:00:07
280,INV-1-280,1,280,280,2026-07-31,unpaid,680.0,0.0,on-request,2026-07-24 00:00:07
281,INV-1-281,1,281,281,2026-07-31,unpaid,750.0,0.0,on-request,2026-07-24 00:00:07
282,INV-1-282,1,282,282,2026-07-31,unpaid,3640.0,0.0,on-request,2026-07-24 00:00:07
283,INV-1-283,1,283,283,2026-07-31,unpaid,0.0,0.0,on-request,2026-07-24 00:00:07
284,INV-1-284,1,284,284,2026-07-31,unpaid,0.0,0.0,on-request,2026-07-24 00:00:07
285,INV-1-285,1,285,285,2026-07-31,unpaid,0.0,0.0,on-request,2026-07-24 00:00:07
286,INV-1-286,1,286,286,2026-07-31,unpaid,0.0,0.0,on-request,2026-07-24 00:00:07
287,INV-1-287,1,287,287,2026-07-31,unpaid,0.0,0.0,on-request,2026-07-24 00:00:07
288,INV-1-288,1,288,288,2026-07-31,unpaid,0.0,0.0,on-request,2026-07-24 00:00:07
289,INV-1-289,1,289,289,2026-07-31,unpaid,0.0,0.0,on-request,2026-07-24 00:00:07
290,INV-1-290,1,290,290,2026-07-31,unpaid,800.0,0.0,on-request,2026-07-24 00:00:07
291,INV-1-291,1,291,291,2026-07-31,unpaid,1100.0,0.0,on-request,2026-07-24 00:00:07
292,INV-1-292,1,292,292,2026-07-31,unpaid,900.0,0.0,on-request,2026-07-24 00:00:07
293,INV-1-293,1,293,293,2026-07-31,unpaid,1200.0,0.0,on-request,2026-07-24 00:00:07
294,INV-1-294,1,294,294,2026-07-31,unpaid,650.0,0.0,on-request,2026-07-24 00:00:07
295,INV-1-295,1,295,295,2026-07-31,unpaid,650.0,0.0,on-request,2026-07-24 00:00:07
296,INV-1-296,1,296,296,2026-07-31,unpaid,690.0,0.0,on-request,2026-07-24 00:00:07
297,INV-1-297,1,297,297,2026-07-31,unpaid,750.0,0.0,on-request,2026-07-24 00:00:07
298,INV-1-298,1,298,298,2026-07-31,unpaid,1000.0,0.0,on-request,2026-07-24 00:00:07
299,INV-1-299,1,299,299,2026-07-31,unpaid,1200.0,0.0,on-request,2026-07-24 00:00:07
300,INV-1-300,1,300,300,2026-07-31,unpaid,750.0,0.0,on-request,2026-07-24 00:00:07
301,INV-1-301,1,301,301,2026-07-31,unpaid,580.0,0.0,on-request,2026-07-24 00:00:07
302,INV-1-302,1,302,302,2026-07-31,unpaid,580.0,0.0,on-request,2026-07-24 00:00:07
303,INV-1-303,1,303,303,2026-07-31,unpaid,650.0,0.0,on-request,2026-07-24 00:00:07
304,INV-1-304,1,304,304,2026-07-31,unpaid,750.0,0.0,on-request,2026-07-24 00:00:07
305,INV-1-305,1,305,305,2026-07-31,unpaid,3640.0,0.0,on-request,2026-07-24 00:00:07
306,INV-1-306,1,306,306,2026-07-31,unpaid,0.0,0.0,on-request,2026-07-24 00:00:07
307,INV-1-307,1,307,307,2026-07-31,unpaid,0.0,0.0,on-request,2026-07-24 00:00:07
308,INV-1-308,1,308,308,2026-07-31,unpaid,0.0,0.0,on-request,2026-07-24 00:00:07
309,INV-1-309,1,309,309,2026-07-31,unpaid,0.0,0.0,on-request,2026-07-24 00:00:07
310,INV-1-310,1,310,310,2026-07-31,unpaid,0.0,0.0,on-request,2026-07-24 00:00:07
311,INV-1-311,1,311,311,2026-07-31,unpaid,0.0,0.0,on-request,2026-07-24 00:00:07
312,INV-1-312,1,312,312,2026-07-31,unpaid,0.0,0.0,on-request,2026-07-24 00:00:07
313,INV-1-313,1,313,313,2026-07-31,unpaid,3640.0,0.0,on-request,2026-07-24 00:00:07
314,INV-1-314,1,314,314,2026-07-31,unpaid,0.0,0.0,on-request,2026-07-24 00:00:07
315,INV-1-315,1,315,315,2026-07-31,unpaid,0.0,0.0,on-request,2026-07-24 00:00:07
316,INV-1-316,1,316,316,2026-07-31,unpaid,0.0,0.0,on-request,2026-07-24 00:00:07
317,INV-1-317,1,317,317,2026-07-31,unpaid,0.0,0.0,on-request,2026-07-24 00:00:07
318,INV-1-318,1,318,318,2026-07-31,unpaid,0.0,0.0,on-request,2026-07-24 00:00:07
319,INV-1-319,1,319,319,2026-07-31,unpaid,0.0,0.0,on-request,2026-07-24 00:00:07
320,INV-1-320,1,320,320,2026-07-31,unpaid,0.0,0.0,on-request,2026-07-24 00:00:07
321,INV-1-321,1,321,321,2026-07-31,unpaid,3640.0,0.0,on-request,2026-07-24 00:00:07
322,INV-1-322,1,322,322,2026-07-31,unpaid,0.0,0.0,on-request,2026-07-24 00:00:07
323,INV-1-323,1,323,323,2026-07-31,unpaid,0.0,0.0,on-request,2026-07-24 00:00:07
324,INV-1-324,1,324,324,2026-07-31,unpaid,0.0,0.0,on-request,2026-07-24 00:00:07
325,INV-1-325,1,325,325,2026-07-31,unpaid,0.0,0.0,on-request,2026-07-24 00:00:07
326,INV-1-326,1,326,326,2026-07-31,unpaid,0.0,0.0,on-request,2026-07-24 00:00:07
327,INV-1-327,1,327,327,2026-07-31,unpaid,0.0,0.0,on-request,2026-07-24 00:00:07
328,INV-1-328,1,328,328,2026-07-31,unpaid,0.0,0.0,on-request,2026-07-24 00:00:07
329,INV-1-329,1,329,329,2026-07-31,unpaid,800.0,0.0,on-request,2026-07-24 00:00:07
330,INV-1-330,1,330,330,2026-07-31,unpaid,1100.0,0.0,on-request,2026-07-24 00:00:07
331,INV-1-331,1,331,331,2026-07-31,unpaid,900.0,0.0,on-request,2026-07-24 00:00:07
332,INV-1-332,1,332,332,2026-07-31,unpaid,1200.0,0.0,on-request,2026-07-24 00:00:07
333,INV-1-333,1,333,333,2026-07-31,unpaid,3640.0,0.0,on-request,2026-07-24 00:00:07
334,INV-1-334,1,334,334,2026-07-31,unpaid,0.0,0.0,on-request,2026-07-24 00:00:07
335,INV-1-335,1,335,335,2026-07-31,unpaid,0.0,0.0,on-request,2026-07-24 00:00:07
336,INV-1-336,1,336,336,2026-07-31,unpaid,0.0,0.0,on-request,2026-07-24 00:00:07
337,INV-1-337,1,337,337,2026-07-31,unpaid,0.0,0.0,on-request,2026-07-24 00:00:07
338,INV-1-338,1,338,338,2026-07-31,unpaid,0.0,0.0,on-request,2026-07-24 00:00:07
339,INV-1-339,1,339,339,2026-07-31,unpaid,0.0,0.0,on-request,2026-07-24 00:00:07
340,INV-1-340,1,340,340,2026-07-31,unpaid,0.0,0.0,on-request,2026-07-24 00:00:07
341,INV-1-341,1,341,341,2026-07-31,unpaid,800.0,0.0,on-request,2026-07-24 00:00:07
342,INV-1-342,1,342,342,2026-07-31,unpaid,900.0,0.0,on-request,2026-07-24 00:00:07
343,INV-1-343,1,343,343,2026-07-31,unpaid,900.0,0.0,on-request,2026-07-24 00:00:07
344,INV-1-344,1,344,344,2026-07-31,unpaid,1200.0,0.0,on-request,2026-07-24 00:00:07
345,INV-1-345,1,345,345,2026-07-31,unpaid,0.0,0.0,on-request,2026-07-24 00:00:07
346,INV-1-346,1,346,346,2026-07-31,unpaid,0.0,0.0,on-request,2026-07-24 00:00:07
347,INV-1-347,1,347,347,2026-07-31,unpaid,0.0,0.0,on-request,2026-07-24 00:00:07
348,INV-1-348,1,348,348,2026-07-31,unpaid,0.0,0.0,on-request,2026-07-24 00:00:07
349,INV-1-349,1,349,349,2026-07-31,unpaid,0.0,0.0,on-request,2026-07-24 00:00:07
350,INV-1-350,1,350,350,2026-07-31,unpaid,0.0,0.0,on-request,2026-07-24 00:00:07
351,INV-1-351,1,351,351,2026-07-31,unpaid,1000.0,0.0,on-request,2026-07-24 00:00:07
352,INV-1-352,1,352,352,2026-07-31,unpaid,1100.0,0.0,on-request,2026-07-24 00:00:07
353,INV-1-353,1,353,353,2026-07-31,unpaid,650.0,0.0,on-request,2026-07-24 00:00:07
354,INV-1-354,1,354,354,2026-07-31,unpaid,650.0,0.0,on-request,2026-07-24 00:00:07
355,INV-1-355,1,355,355,2026-07-31,unpaid,750.0,0.0,on-request,2026-07-24 00:00:07
356,INV-1-356,1,356,356,2026-07-31,unpaid,750.0,0.0,on-request,2026-07-24 00:00:07
357,INV-1-357,1,357,357,2026-07-31,unpaid,900.0,0.0,on-request,2026-07-24 00:00:07
358,INV-1-358,1,358,358,2026-07-31,unpaid,1100.0,0.0,on-request,2026-07-24 00:00:07
359,INV-1-359,1,359,359,2026-07-31,unpaid,1200.0,0.0,on-request,2026-07-24 00:00:07
360,INV-1-360,1,360,360,2026-07-31,unpaid,1300.0,0.0,on-request,2026-07-24 00:00:07
361,INV-1-361,1,361,361,2026-07-31,unpaid,800.0,0.0,on-request,2026-07-24 00:00:07
362,INV-1-362,1,362,362,2026-07-31,unpaid,900.0,0.0,on-request,2026-07-24 00:00:07
363,INV-1-363,1,363,363,2026-07-31,unpaid,900.0,0.0,on-request,2026-07-24 00:00:07
364,INV-1-364,1,364,364,2026-07-31,unpaid,1200.0,0.0,on-request,2026-07-24 00:00:07
365,INV-1-365,1,365,365,2026-07-31,unpaid,600.0,0.0,on-request,2026-07-24 00:00:07
366,INV-1-366,1,366,366,2026-07-31,unpaid,600.0,0.0,on-request,2026-07-24 00:00:07
367,INV-1-367,1,367,367,2026-07-31,unpaid,620.0,0.0,on-request,2026-07-24 00:00:07
368,INV-1-368,1,368,368,2026-07-31,unpaid,650.0,0.0,on-request,2026-07-24 00:00:07
369,INV-1-369,1,369,369,2026-07-31,unpaid,650.0,0.0,on-request,2026-07-24 00:00:07
370,INV-1-370,1,370,370,2026-07-31,unpaid,900.0,0.0,on-request,2026-07-24 00:00:07
371,INV-1-371,1,371,371,2026-07-31,unpaid,750.0,0.0,on-request,2026-07-24 00:00:07
372,INV-1-372,1,372,372,2026-07-31,unpaid,750.0,0.0,on-request,2026-07-24 00:00:07
373,INV-1-373,1,373,373,2026-07-31,unpaid,620.0,0.0,on-request,2026-07-24 00:00:07
374,INV-1-374,1,374,374,2026-07-31,unpaid,620.0,0.0,on-request,2026-07-24 00:00:07
375,INV-1-375,1,375,375,2026-07-31,unpaid,650.0,0.0,on-request,2026-07-24 00:00:07
376,INV-1-376,1,376,376,2026-07-31,unpaid,750.0,0.0,on-request,2026-07-24 00:00:07
377,INV-1-377,1,377,377,2026-07-31,unpaid,750.0,0.0,on-request,2026-07-24 00:00:07
378,INV-1-378,1,378,378,2026-07-31,unpaid,3900.0,0.0,on-request,2026-07-24 00:00:07
379,INV-1-379,1,379,379,2026-07-31,unpaid,0.0,0.0,on-request,2026-07-24 00:00:07
380,INV-1-380,1,380,380,2026-07-31,unpaid,0.0,0.0,on-request,2026-07-24 00:00:07
381,INV-1-381,1,381,381,2026-07-31,unpaid,0.0,0.0,on-request,2026-07-24 00:00:07
382,INV-1-382,1,382,382,2026-07-31,unpaid,0.0,0.0,on-request,2026-07-24 00:00:07
383,INV-1-383,1,383,383,2026-07-31,unpaid,0.0,0.0,on-request,2026-07-24 00:00:07
384,INV-1-384,1,384,384,2026-07-31,unpaid,0.0,0.0,on-request,2026-07-24 00:00:07
385,INV-1-385,1,385,385,2026-07-31,unpaid,0.0,0.0,on-request,2026-07-24 00:00:07
386,INV-1-386,1,386,386,2026-07-31,unpaid,1000.0,0.0,on-request,2026-07-24 00:00:07
387,INV-1-387,1,387,387,2026-07-31,unpaid,1100.0,0.0,on-request,2026-07-24 00:00:07
388,INV-1-388,1,388,388,2026-07-31,unpaid,1200.0,0.0,on-request,2026-07-24 00:00:07
389,INV-1-389,1,389,389,2026-07-31,unpaid,900.0,0.0,on-request,2026-07-24 00:00:07
390,INV-1-390,1,390,390,2026-07-31,unpaid,1000.0,0.0,on-request,2026-07-24 00:00:07
391,INV-1-391,1,391,391,2026-07-31,unpaid,1200.0,0.0,on-request,2026-07-24 00:00:07
392,INV-1-392,1,392,392,2026-07-31,unpaid,1560.0,0.0,on-request,2026-07-24 00:00:07
393,INV-1-393,1,393,393,2026-07-31,unpaid,800.0,0.0,on-request,2026-07-24 00:00:07
394,INV-1-394,1,394,394,2026-07-31,unpaid,1100.0,0.0,on-request,2026-07-24 00:00:07
395,INV-1-395,1,395,395,2026-07-31,unpaid,900.0,0.0,on-request,2026-07-24 00:00:07
396,INV-1-396,1,396,396,2026-07-31,unpaid,1200.0,0.0,on-request,2026-07-24 00:00:07
397,INV-1-397,1,397,397,2026-07-31,unpaid,4100.0,0.0,on-request,2026-07-24 00:00:07
398,INV-1-398,1,398,398,2026-07-31,unpaid,3640.0,0.0,on-request,2026-07-24 00:00:07
399,INV-1-399,1,399,399,2026-07-31,unpaid,0.0,0.0,on-request,2026-07-24 00:00:07
400,INV-1-400,1,400,400,2026-07-31,unpaid,0.0,0.0,on-request,2026-07-24 00:00:07
401,INV-1-401,1,401,401,2026-07-31,unpaid,0.0,0.0,on-request,2026-07-24 00:00:07
402,INV-1-402,1,402,402,2026-07-31,unpaid,0.0,0.0,on-request,2026-07-24 00:00:07
403,INV-1-403,1,403,403,2026-07-31,unpaid,0.0,0.0,on-request,2026-07-24 00:00:07
404,INV-1-404,1,404,404,2026-07-31,unpaid,0.0,0.0,on-request,2026-07-24 00:00:07
405,INV-1-405,1,405,405,2026-07-31,unpaid,0.0,0.0,on-request,2026-07-24 00:00:07
406,INV-1-406,1,406,406,2026-07-31,unpaid,0.0,0.0,on-request,2026-07-24 00:00:07
407,INV-1-407,1,407,407,2026-07-31,unpaid,0.0,0.0,on-request,2026-07-24 00:00:07
408,INV-1-408,1,408,408,2026-07-31,unpaid,390.0,0.0,on-request,2026-07-24 00:00:07
409,INV-1-409,1,409,409,2026-07-31,unpaid,550.0,0.0,on-request,2026-07-24 00:00:07
410,INV-1-410,1,410,410,2026-07-31,unpaid,600.0,0.0,on-request,2026-07-24 00:00:07
411,INV-1-411,1,411,411,2026-07-31,unpaid,600.0,0.0,on-request,2026-07-24 00:00:07
412,INV-1-412,1,412,412,2026-07-31,unpaid,650.0,0.0,on-request,2026-07-24 00:00:07
413,INV-1-413,1,413,413,2026-07-31,unpaid,500.0,0.0,on-request,2026-07-24 00:00:07
414,INV-1-414,1,414,414,2026-07-31,unpaid,400.0,0.0,on-request,2026-07-24 00:00:07
415,INV-1-415,1,415,415,2026-07-31,unpaid,6800.0,0.0,on-request,2026-07-24 00:00:07
416,INV-1-416,1,416,416,2026-07-31,unpaid,0.0,0.0,on-request,2026-07-24 00:00:07
417,INV-1-417,1,417,417,2026-07-31,unpaid,0.0,0.0,on-request,2026-07-24 00:00:07
418,INV-1-418,1,418,418,2026-07-31,unpaid,0.0,0.0,on-request,2026-07-24 00:00:07
419,INV-1-419,1,419,419,2026-07-31,unpaid,0.0,0.0,on-request,2026-07-24 00:00:07
420,INV-1-420,1,420,420,2026-07-31,unpaid,0.0,0.0,on-request,2026-07-24 00:00:07
421,INV-1-421,1,421,421,2026-07-31,unpaid,0.0,0.0,on-request,2026-07-24 00:00:07
422,INV-1-422,1,422,422,2026-07-31,unpaid,0.0,0.0,on-request,2026-07-24 00:00:07
423,INV-1-423,1,423,423,2026-07-31,unpaid,0.0,0.0,on-request,2026-07-24 00:00:07
424,INV-1-424,1,424,424,2026-07-31,unpaid,0.0,0.0,on-request,2026-07-24 00:00:07
425,INV-1-425,1,425,425,2026-07-31,unpaid,0.0,0.0,on-request,2026-07-24 00:00:07
426,INV-1-426,1,426,426,2026-07-31,unpaid,0.0,0.0,on-request,2026-07-24 00:00:07
427,INV-1-427,1,427,427,2026-07-31,unpaid,0.0,0.0,on-request,2026-07-24 00:00:07
428,INV-1-428,1,428,428,2026-07-31,unpaid,0.0,0.0,on-request,2026-07-24 00:00:07
429,INV-1-429,1,429,429,2026-07-31,unpaid,0.0,0.0,on-request,2026-07-24 00:00:07
430,INV-1-430,1,430,430,2026-07-31,unpaid,2000.0,0.0,on-request,2026-07-24 00:00:07
431,INV-1-431,1,431,431,2026-07-31,unpaid,0.0,0.0,on-request,2026-07-24 00:00:07
432,INV-1-432,1,432,432,2026-07-31,unpaid,1000.0,0.0,on-request,2026-07-24 00:00:07
433,INV-1-433,1,433,433,2026-07-31,unpaid,0.0,0.0,on-request,2026-07-24 00:00:07
434,INV-1-434,1,434,434,2026-07-31,unpaid,0.0,0.0,on-request,2026-07-24 00:00:07
435,INV-1-435,1,435,435,2026-07-31,unpaid,0.0,0.0,on-request,2026-07-24 00:00:07
436,INV-1-436,1,436,436,2026-07-31,unpaid,650.0,0.0,on-request,2026-07-24 00:00:07
437,INV-1-437,1,437,437,2026-07-31,unpaid,7400.0,0.0,on-request,2026-07-24 00:00:07
438,INV-1-438,1,438,438,2026-07-31,unpaid,0.0,0.0,on-request,2026-07-24 00:00:07
439,INV-1-439,1,439,439,2026-07-31,unpaid,0.0,0.0,on-request,2026-07-24 00:00:07
440,INV-1-440,1,440,440,2026-07-31,unpaid,0.0,0.0,on-request,2026-07-24 00:00:07
441,INV-1-441,1,441,441,2026-07-31,unpaid,0.0,0.0,on-request,2026-07-24 00:00:07
442,INV-1-442,1,442,442,2026-07-31,unpaid,0.0,0.0,on-request,2026-07-24 00:00:07
443,INV-1-443,1,443,443,2026-07-31,unpaid,0.0,0.0,on-request,2026-07-24 00:00:07
444,INV-1-444,1,444,444,2026-07-31,unpaid,0.0,0.0,on-request,2026-07-24 00:00:07
445,INV-1-445,1,445,445,2026-07-31,unpaid,0.0,0.0,on-request,2026-07-24 00:00:07
446,INV-1-446,1,446,446,2026-07-31,unpaid,0.0,0.0,on-request,2026-07-24 00:00:07
447,INV-1-447,1,447,447,2026-07-31,unpaid,0.0,0.0,on-request,2026-07-24 00:00:07
448,INV-1-448,1,448,448,2026-07-31,unpaid,0.0,0.0,on-request,2026-07-24 00:00:07
449,INV-1-449,1,449,449,2026-07-31,unpaid,0.0,0.0,on-request,2026-07-24 00:00:07
450,INV-1-450,1,450,450,2026-07-31,unpaid,0.0,0.0,on-request,2026-07-24 00:00:07
451,INV-1-451,1,451,451,2026-07-31,unpaid,0.0,0.0,on-request,2026-07-24 00:00:07
452,INV-1-452,1,452,452,2026-07-31,unpaid,0.0,0.0,on-request,2026-07-24 00:00:07
453,INV-1-453,1,453,453,2026-07-31,unpaid,0.0,0.0,on-request,2026-07-24 00:00:07
454,INV-1-454,1,454,454,2026-07-31,unpaid,7400.0,0.0,on-request,2026-07-24 00:00:07
455,INV-1-455,1,455,455,2026-07-31,unpaid,0.0,0.0,on-request,2026-07-24 00:00:07
456,INV-1-456,1,456,456,2026-07-31,unpaid,0.0,0.0,on-request,2026-07-24 00:00:07
457,INV-1-457,1,457,457,2026-07-31,unpaid,0.0,0.0,on-request,2026-07-24 00:00:07
458,INV-1-458,1,458,458,2026-07-31,unpaid,0.0,0.0,on-request,2026-07-24 00:00:07
459,INV-1-459,1,459,459,2026-07-31,unpaid,0.0,0.0,on-request,2026-07-24 00:00:07
460,INV-1-460,1,460,460,2026-07-31,unpaid,0.0,0.0,on-request,2026-07-24 00:00:07
461,INV-1-461,1,461,461,2026-07-31,unpaid,0.0,0.0,on-request,2026-07-24 00:00:07
462,INV-1-462,1,462,462,2026-07-31,unpaid,0.0,0.0,on-request,2026-07-24 00:00:07
463,INV-1-463,1,463,463,2026-07-31,unpaid,0.0,0.0,on-request,2026-07-24 00:00:07
464,INV-1-464,1,464,464,2026-07-31,unpaid,0.0,0.0,on-request,2026-07-24 00:00:07
465,INV-1-465,1,465,465,2026-07-31,unpaid,0.0,0.0,on-request,2026-07-24 00:00:07
466,INV-1-466,1,466,466,2026-07-31,unpaid,0.0,0.0,on-request,2026-07-24 00:00:07
467,INV-1-467,1,467,467,2026-07-31,unpaid,0.0,0.0,on-request,2026-07-24 00:00:07
468,INV-1-468,1,468,468,2026-07-31,unpaid,0.0,0.0,on-request,2026-07-24 00:00:07
469,INV-1-469,1,469,469,2026-07-31,unpaid,0.0,0.0,on-request,2026-07-24 00:00:07
470,INV-1-470,1,470,470,2026-07-31,unpaid,0.0,0.0,on-request,2026-07-24 00:00:07
471,INV-1-471,1,471,471,2026-07-31,unpaid,6800.0,0.0,on-request,2026-07-24 00:00:07
472,INV-1-472,1,472,472,2026-07-31,unpaid,0.0,0.0,on-request,2026-07-24 00:00:07
473,INV-1-473,1,473,473,2026-07-31,unpaid,0.0,0.0,on-request,2026-07-24 00:00:07
474,INV-1-474,1,474,474,2026-07-31,unpaid,0.0,0.0,on-request,2026-07-24 00:00:07
475,INV-1-475,1,475,475,2026-07-31,unpaid,0.0,0.0,on-request,2026-07-24 00:00:07
476,INV-1-476,1,476,476,2026-07-31,unpaid,0.0,0.0,on-request,2026-07-24 00:00:07
477,INV-1-477,1,477,477,2026-07-31,unpaid,0.0,0.0,on-request,2026-07-24 00:00:07
478,INV-1-478,1,478,478,2026-07-31,unpaid,0.0,0.0,on-request,2026-07-24 00:00:07
479,INV-1-479,1,479,479,2026-07-31,unpaid,0.0,0.0,on-request,2026-07-24 00:00:07
480,INV-1-480,1,480,480,2026-07-31,unpaid,0.0,0.0,on-request,2026-07-24 00:00:07
481,INV-1-481,1,481,481,2026-07-31,unpaid,0.0,0.0,on-request,2026-07-24 00:00:07
482,INV-1-482,1,482,482,2026-07-31,unpaid,0.0,0.0,on-request,2026-07-24 00:00:07
483,INV-1-483,1,483,483,2026-07-31,unpaid,0.0,0.0,on-request,2026-07-24 00:00:07
484,INV-1-484,1,484,484,2026-07-31,unpaid,0.0,0.0,on-request,2026-07-24 00:00:07
485,INV-1-485,1,485,485,2026-07-31,unpaid,0.0,0.0,on-request,2026-07-24 00:00:07
