id,invoice_id,item_type,description,quantity,rate,amount
1,1,room-rental,Room rental,1.0,399.0,399.0
2,2,room-rental,Room rental,1.0,399.0,399.0
3,3,room-rental,Room rental,1.0,700.0,700.0
4,4,room-rental,Room rental,1.0,599.0,599.0
5,5,room-rental,Room rental,1.0,800.0,800.0
6,6,room-rental,Room rental,1.0,499.0,499.0
7,7,room-rental,Room rental,1.0,680.0,680.0
8,8,room-rental,Room rental,1.0,690.0,690.0
9,9,room-rental,Room rental,1.0,800.0,800.0
10,10,room-rental,Room rental,1.0,580.0,580.0
11,11,room-rental,Room rental,1.0,680.0,680.0
12,12,room-rental,Room rental,1.0,690.0,690.0
13,13,room-rental,Room rental,1.0,449.0,449.0
14,14,room-rental,Room rental,1.0,400.0,400.0
15,15,room-rental,Room rental,1.0,680.0,680.0
16,16,room-rental,Room rental,1.0,499.0,499.0
17,17,room-rental,Room rental,1.0,499.0,499.0
18,18,room-rental,Room rental,1.0,750.0,750.0
19,19,room-rental,Room rental,1.0,690.0,690.0
20,20,room-rental,Room rental,1.0,790.0,790.0
21,21,room-rental,Room rental,1.0,500.0,500.0
22,22,room-rental,Room rental,1.0,750.0,750.0
23,23,room-rental,Room rental,1.0,600.0,600.0
24,24,room-rental,Room rental,1.0,900.0,900.0
25,25,room-rental,Room rental,1.0,690.0,690.0
26,26,room-rental,Room rental,1.0,690.0,690.0
27,27,room-rental,Room rental,1.0,900.0,900.0
28,28,room-rental,Room rental,1.0,500.0,500.0
29,29,room-rental,Room rental,1.0,650.0,650.0
30,30,room-rental,Room rental,1.0,600.0,600.0
31,31,room-rental,Room rental,1.0,550.0,550.0
32,32,room-rental,Room rental,1.0,650.0,650.0
33,33,room-rental,Room rental,1.0,690.0,690.0
34,34,room-rental,Room rental,1.0,900.0,900.0
35,35,room-rental,Room rental,1.0,590.0,590.0
36,36,room-rental,Room rental,1.0,600.0,600.0
37,37,room-rental,Room rental,1.0,900.0,900.0
38,38,room-rental,Room rental,1.0,500.0,500.0
39,39,room-rental,Room rental,1.0,690.0,690.0
40,40,room-rental,Room rental,1.0,690.0,690.0
41,41,room-rental,Room rental,1.0,790.0,790.0
42,42,room-rental,Room rental,1.0,500.0,500.0
43,43,room-rental,Room rental,1.0,690.0,690.0
44,44,room-rental,Room rental,1.0,690.0,690.0
45,45,room-rental,Room rental,1.0,900.0,900.0
46,46,room-rental,Room rental,1.0,590.0,590.0
47,47,room-rental,Room rental,1.0,690.0,690.0
48,48,room-rental,Room rental,1.0,690.0,690.0
49,49,room-rental,Room rental,1.0,590.0,590.0
50,50,room-rental,Room rental,1.0,900.0,900.0
51,51,room-rental,Room rental,1.0,590.0,590.0
52,52,room-rental,Room rental,1.0,690.0,690.0
53,53,room-rental,Room rental,1.0,1000.0,1000.0
54,54,room-rental,Room rental,1.0,900.0,900.0
55,55,room-rental,Room rental,1.0,590.0,590.0
56,56,room-rental,Room rental,1.0,650.0,650.0
57,57,room-rental,Room rental,1.0,690.0,690.0
58,58,room-rental,Room rental,1.0,900.0,900.0
59,59,room-rental,Room rental,1.0,500.0,500.0
60,60,room-rental,Room rental,1.0,690.0,690.0
61,61,room-rental,Room rental,1.0,490.0,490.0
62,62,room-rental,Room rental,1.0,690.0,690.0
63,63,room-rental,Room rental,1.0,490.0,490.0
64,64,room-rental,Room rental,1.0,750.0,750.0
65,65,room-rental,Room rental,1.0,650.0,650.0
66,66,room-rental,Room rental,1.0,490.0,490.0
67,67,room-rental,Room rental,1.0,690.0,690.0
68,68,room-rental,Room rental,1.0,900.0,900.0
69,69,room-rental,Room rental,1.0,590.0,590.0
70,70,room-rental,Room rental,1.0,750.0,750.0
71,71,room-rental,Room rental,1.0,690.0,690.0
72,72,room-rental,Room rental,1.0,500.0,500.0
73,73,room-rental,Room rental,1.0,650.0,650.0
74,74,room-rental,Room rental,1.0,690.0,690.0
75,75,room-rental,Room rental,1.0,650.0,650.0
76,76,room-rental,Room rental,1.0,600.0,600.0
77,77,room-rental,Room rental,1.0,900.0,900.0
78,78,room-rental,Room rental,1.0,500.0,500.0
79,79,room-rental,Room rental,1.0,600.0,600.0
80,80,room-rental,Room rental,1.0,900.0,900.0
81,81,room-rental,Room rental,1.0,590.0,590.0
82,82,room-rental,Room rental,1.0,690.0,690.0
83,83,room-rental,Room rental,1.0,600.0,600.0
84,84,room-rental,Room rental,1.0,450.0,450.0
85,85,room-rental,Room rental,1.0,650.0,650.0
86,86,room-rental,Room rental,1.0,600.0,600.0
87,87,room-rental,Room rental,1.0,790.0,790.0
88,88,room-rental,Room rental,1.0,600.0,600.0
89,89,room-rental,Room rental,1.0,900.0,900.0
90,90,room-rental,Room rental,1.0,590.0,590.0
91,91,room-rental,Room rental,1.0,800.0,800.0
92,92,room-rental,Room rental,1.0,800.0,800.0
93,93,room-rental,Room rental,1.0,500.0,500.0
94,94,room-rental,Room rental,1.0,600.0,600.0
95,95,room-rental,Room rental,1.0,690.0,690.0
96,96,room-rental,Room rental,1.0,900.0,900.0
97,97,room-rental,Room rental,1.0,590.0,590.0
98,98,room-rental,Room rental,1.0,690.0,690.0
99,99,room-rental,Room rental,1.0,600.0,600.0
100,100,room-rental,Room rental,1.0,790.0,790.0
101,101,room-rental,Room rental,1.0,490.0,490.0
102,102,room-rental,Room rental,1.0,590.0,590.0
103,103,room-rental,Room rental,1.0,590.0,590.0
104,104,room-rental,Room rental,1.0,750.0,750.0
105,105,room-rental,Room rental,1.0,600.0,600.0
106,106,room-rental,Room rental,1.0,900.0,900.0
107,107,room-rental,Room rental,1.0,650.0,650.0
108,108,room-rental,Room rental,1.0,690.0,690.0
109,109,room-rental,Room rental,1.0,770.0,770.0
110,110,room-rental,Room rental,1.0,650.0,650.0
111,111,room-rental,Room rental,1.0,690.0,690.0
112,112,room-rental,Room rental,1.0,900.0,900.0
113,113,room-rental,Room rental,1.0,500.0,500.0
114,114,room-rental,Room rental,1.0,700.0,700.0
115,115,room-rental,Room rental,1.0,690.0,690.0
116,116,room-rental,Room rental,1.0,500.0,500.0
117,117,room-rental,Room rental,1.0,600.0,600.0
118,118,room-rental,Room rental,1.0,690.0,690.0
119,119,room-rental,Room rental,1.0,900.0,900.0
120,120,room-rental,Room rental,1.0,500.0,500.0
121,121,room-rental,Room rental,1.0,750.0,750.0
122,122,room-rental,Room rental,1.0,690.0,690.0
123,123,room-rental,Room rental,1.0,900.0,900.0
124,124,room-rental,Room rental,1.0,690.0,690.0
125,125,room-rental,Room rental,1.0,900.0,900.0
126,126,room-rental,Room rental,1.0,590.0,590.0
127,127,room-rental,Room rental,1.0,800.0,800.0
128,128,room-rental,Room rental,1.0,850.0,850.0
129,129,room-rental,Room rental,1.0,1000.0,1000.0
130,130,room-rental,Room rental,1.0,1200.0,1200.0
131,131,room-rental,Room rental,1.0,1000.0,1000.0
132,132,room-rental,Room rental,1.0,850.0,850.0
133,133,room-rental,Room rental,1.0,900.0,900.0
134,134,room-rental,Room rental,1.0,1200.0,1200.0
135,135,room-rental,Room rental,1.0,800.0,800.0
136,136,room-rental,Room rental,1.0,950.0,950.0
137,137,room-rental,Room rental,1.0,1200.0,1200.0
138,138,room-rental,Room rental,1.0,1000.0,1000.0
139,139,room-rental,Room rental,1.0,950.0,950.0
140,140,room-rental,Room rental,1.0,1200.0,1200.0
141,141,room-rental,Room rental,1.0,1000.0,1000.0
142,142,room-rental,Room rental,1.0,1000.0,1000.0
143,143,room-rental,Room rental,1.0,1200.0,1200.0
144,144,room-rental,Room rental,1.0,850.0,850.0
145,145,room-rental,Room rental,1.0,1000.0,1000.0
146,146,room-rental,Room rental,1.0,1200.0,1200.0
147,147,room-rental,Room rental,1.0,1080.0,1080.0
148,148,room-rental,Room rental,1.0,1500.0,1500.0
149,149,room-rental,Room rental,1.0,750.0,750.0
150,150,room-rental,Room rental,1.0,750.0,750.0
151,151,room-rental,Room rental,1.0,750.0,750.0
152,152,room-rental,Room rental,1.0,1000.0,1000.0
153,153,room-rental,Room rental,1.0,1100.0,1100.0
154,154,room-rental,Room rental,1.0,1200.0,1200.0
155,155,room-rental,Room rental,1.0,1000.0,1000.0
156,156,room-rental,Room rental,1.0,1100.0,1100.0
157,157,room-rental,Room rental,1.0,1200.0,1200.0
158,158,room-rental,Room rental,1.0,1300.0,1300.0
159,159,room-rental,Room rental,1.0,1100.0,1100.0
160,160,room-rental,Room rental,1.0,1200.0,1200.0
161,161,room-rental,Room rental,1.0,4100.0,4100.0
162,162,room-rental,Room rental,1.0,1100.0,1100.0
163,163,room-rental,Room rental,1.0,1200.0,1200.0
164,164,room-rental,Room rental,1.0,1200.0,1200.0
165,165,room-rental,Room rental,1.0,1200.0,1200.0
166,166,room-rental,Room rental,1.0,900.0,900.0
167,167,room-rental,Room rental,1.0,1100.0,1100.0
168,168,room-rental,Room rental,1.0,1200.0,1200.0
169,169,room-rental,Room rental,1.0,1300.0,1300.0
170,170,room-rental,Room rental,1.0,800.0,800.0
171,171,room-rental,Room rental,1.0,1100.0,1100.0
172,172,room-rental,Room rental,1.0,1200.0,1200.0
173,173,room-rental,Room rental,1.0,1300.0,1300.0
174,174,room-rental,Room rental,1.0,900.0,900.0
175,175,room-rental,Room rental,1.0,1100.0,1100.0
176,176,room-rental,Room rental,1.0,1200.0,1200.0
177,177,room-rental,Room rental,1.0,1000.0,1000.0
178,178,room-rental,Room rental,1.0,1100.0,1100.0
179,179,room-rental,Room rental,1.0,1100.0,1100.0
180,180,room-rental,Room rental,1.0,1200.0,1200.0
181,181,room-rental,Room rental,1.0,800.0,800.0
182,182,room-rental,Room rental,1.0,850.0,850.0
183,183,room-rental,Room rental,1.0,1200.0,1200.0
184,184,room-rental,Room rental,1.0,1690.0,1690.0
185,185,room-rental,Room rental,1.0,800.0,800.0
186,186,room-rental,Room rental,1.0,1100.0,1100.0
187,187,room-rental,Room rental,1.0,1100.0,1100.0
188,188,room-rental,Room rental,1.0,900.0,900.0
189,189,room-rental,Room rental,1.0,1100.0,1100.0
190,190,room-rental,Room rental,1.0,900.0,900.0
191,191,room-rental,Room rental,1.0,1100.0,1100.0
192,192,room-rental,Room rental,1.0,1100.0,1100.0
193,193,room-rental,Room rental,1.0,1300.0,1300.0
194,194,room-rental,Room rental,1.0,800.0,800.0
195,195,room-rental,Room rental,1.0,850.0,850.0
196,196,room-rental,Room rental,1.0,1100.0,1100.0
197,197,room-rental,Room rental,1.0,1300.0,1300.0
198,198,room-rental,Room rental,1.0,1000.0,1000.0
199,199,room-rental,Room rental,1.0,850.0,850.0
200,200,room-rental,Room rental,1.0,1100.0,1100.0
201,201,room-rental,Room rental,1.0,1000.0,1000.0
202,202,room-rental,Room rental,1.0,1200.0,1200.0
203,203,room-rental,Room rental,1.0,1300.0,1300.0
204,204,room-rental,Room rental,1.0,800.0,800.0
205,205,room-rental,Room rental,1.0,1100.0,1100.0
206,206,room-rental,Room rental,1.0,1200.0,1200.0
207,207,room-rental,Room rental,1.0,1300.0,1300.0
208,208,room-rental,Room rental,1.0,1200.0,1200.0
209,209,room-rental,Room rental,1.0,1300.0,1300.0
210,210,room-rental,Room rental,1.0,800.0,800.0
211,211,room-rental,Room rental,1.0,1100.0,1100.0
212,212,room-rental,Room rental,1.0,1300.0,1300.0
213,213,room-rental,Room rental,1.0,1000.0,1000.0
214,214,room-rental,Room rental,1.0,1100.0,1100.0
215,215,room-rental,Room rental,1.0,1200.0,1200.0
216,216,room-rental,Room rental,1.0,1300.0,1300.0
217,217,room-rental,Room rental,1.0,1000.0,1000.0
218,218,room-rental,Room rental,1.0,1200.0,1200.0
219,219,room-rental,Room rental,1.0,1300.0,1300.0
220,220,room-rental,Room rental,1.0,1000.0,1000.0
221,221,room-rental,Room rental,1.0,1000.0,1000.0
222,222,room-rental,Room rental,1.0,1300.0,1300.0
223,223,room-rental,Room rental,1.0,800.0,800.0
224,224,room-rental,Room rental,1.0,1000.0,1000.0
225,225,room-rental,Room rental,1.0,1300.0,1300.0
226,226,room-rental,Room rental,1.0,1100.0,1100.0
227,227,room-rental,Room rental,1.0,800.0,800.0
228,228,room-rental,Room rental,1.0,1100.0,1100.0
229,229,room-rental,Room rental,1.0,1200.0,1200.0
230,230,room-rental,Room rental,1.0,1300.0,1300.0
231,231,room-rental,Room rental,1.0,1000.0,1000.0
232,232,room-rental,Room rental,1.0,1100.0,1100.0
233,233,room-rental,Room rental,1.0,1200.0,1200.0
234,234,room-rental,Room rental,1.0,1300.0,1300.0
235,235,room-rental,Room rental,1.0,1000.0,1000.0
236,236,room-rental,Room rental,1.0,1200.0,1200.0
237,237,room-rental,Room rental,1.0,900.0,900.0
238,238,room-rental,Room rental,1.0,1200.0,1200.0
239,239,room-rental,Room rental,1.0,1300.0,1300.0
240,240,room-rental,Room rental,1.0,1000.0,1000.0
241,241,room-rental,Room rental,1.0,1320.0,1320.0
242,242,room-rental,Room rental,1.0,1200.0,1200.0
243,243,room-rental,Room rental,1.0,1300.0,1300.0
244,244,room-rental,Room rental,1.0,1000.0,1000.0
245,245,room-rental,Room rental,1.0,1100.0,1100.0
246,246,room-rental,Room rental,1.0,1200.0,1200.0
247,247,room-rental,Room rental,1.0,1300.0,1300.0
248,248,room-rental,Room rental,1.0,1000.0,1000.0
249,249,room-rental,Room rental,1.0,1000.0,1000.0
250,250,room-rental,Room rental,1.0,1200.0,1200.0
251,251,room-rental,Room rental,1.0,600.0,600.0
252,252,room-rental,Room rental,1.0,600.0,600.0
253,253,room-rental,Room rental,1.0,650.0,650.0
254,254,room-rental,Room rental,1.0,650.0,650.0
255,255,room-rental,Room rental,1.0,750.0,750.0
256,256,room-rental,Room rental,1.0,1000.0,1000.0
257,257,room-rental,Room rental,1.0,1320.0,1320.0
258,258,room-rental,Room rental,1.0,850.0,850.0
259,259,room-rental,Room rental,1.0,1150.0,1150.0
260,260,room-rental,Room rental,1.0,800.0,800.0
261,261,room-rental,Room rental,1.0,900.0,900.0
262,262,room-rental,Room rental,1.0,1000.0,1000.0
263,263,room-rental,Room rental,1.0,1200.0,1200.0
264,264,room-rental,Room rental,1.0,800.0,800.0
265,265,room-rental,Room rental,1.0,900.0,900.0
266,266,room-rental,Room rental,1.0,900.0,900.0
267,267,room-rental,Room rental,1.0,1200.0,1200.0
268,268,room-rental,Room rental,1.0,550.0,550.0
269,269,room-rental,Room rental,1.0,600.0,600.0
270,270,room-rental,Room rental,1.0,620.0,620.0
271,271,room-rental,Room rental,1.0,620.0,620.0
272,272,room-rental,Room rental,1.0,650.0,650.0
273,273,room-rental,Room rental,1.0,650.0,650.0
274,274,room-rental,Room rental,1.0,650.0,650.0
275,275,room-rental,Room rental,1.0,650.0,650.0
276,276,room-rental,Room rental,1.0,550.0,550.0
277,277,room-rental,Room rental,1.0,600.0,600.0
278,278,room-rental,Room rental,1.0,650.0,650.0
279,279,room-rental,Room rental,1.0,650.0,650.0
280,280,room-rental,Room rental,1.0,680.0,680.0
281,281,room-rental,Room rental,1.0,750.0,750.0
282,282,room-rental,Room rental,1.0,3640.0,3640.0
283,290,room-rental,Room rental,1.0,800.0,800.0
284,291,room-rental,Room rental,1.0,1100.0,1100.0
285,292,room-rental,Room rental,1.0,900.0,900.0
286,293,room-rental,Room rental,1.0,1200.0,1200.0
287,294,room-rental,Room rental,1.0,650.0,650.0
288,295,room-rental,Room rental,1.0,650.0,650.0
289,296,room-rental,Room rental,1.0,690.0,690.0
290,297,room-rental,Room rental,1.0,750.0,750.0
291,298,room-rental,Room rental,1.0,1000.0,1000.0
292,299,room-rental,Room rental,1.0,1200.0,1200.0
293,300,room-rental,Room rental,1.0,750.0,750.0
294,301,room-rental,Room rental,1.0,580.0,580.0
295,302,room-rental,Room rental,1.0,580.0,580.0
296,303,room-rental,Room rental,1.0,650.0,650.0
297,304,room-rental,Room rental,1.0,750.0,750.0
298,305,room-rental,Room rental,1.0,3640.0,3640.0
299,313,room-rental,Room rental,1.0,3640.0,3640.0
300,321,room-rental,Room rental,1.0,3640.0,3640.0
301,329,room-rental,Room rental,1.0,800.0,800.0
302,330,room-rental,Room rental,1.0,1100.0,1100.0
303,331,room-rental,Room rental,1.0,900.0,900.0
304,332,room-rental,Room rental,1.0,1200.0,1200.0
305,333,room-rental,Room rental,1.0,3640.0,3640.0
306,341,room-rental,Room rental,1.0,800.0,800.0
307,342,room-rental,Room rental,1.0,900.0,900.0
308,343,room-rental,Room rental,1.0,900.0,900.0
309,344,room-rental,Room rental,1.0,1200.0,1200.0
310,351,room-rental,Room rental,1.0,1000.0,1000.0
311,352,room-rental,Room rental,1.0,1100.0,1100.0
312,353,room-rental,Room rental,1.0,650.0,650.0
313,354,room-rental,Room rental,1.0,650.0,650.0
314,355,room-rental,Room rental,1.0,750.0,750.0
315,356,room-rental,Room rental,1.0,750.0,750.0
316,357,room-rental,Room rental,1.0,900.0,900.0
317,358,room-rental,Room rental,1.0,1100.0,1100.0
318,359,room-rental,Room rental,1.0,1200.0,1200.0
319,360,room-rental,Room rental,1.0,1300.0,1300.0
320,361,room-rental,Room rental,1.0,800.0,800.0
321,362,room-rental,Room rental,1.0,900.0,900.0
322,363,room-rental,Room rental,1.0,900.0,900.0
323,364,room-rental,Room rental,1.0,1200.0,1200.0
324,365,room-rental,Room rental,1.0,600.0,600.0
325,366,room-rental,Room rental,1.0,600.0,600.0
326,367,room-rental,Room rental,1.0,620.0,620.0
327,368,room-rental,Room rental,1.0,650.0,650.0
328,369,room-rental,Room rental,1.0,650.0,650.0
329,370,room-rental,Room rental,1.0,900.0,900.0
330,371,room-rental,Room rental,1.0,750.0,750.0
331,372,room-rental,Room rental,1.0,750.0,750.0
332,373,room-rental,Room rental,1.0,620.0,620.0
333,374,room-rental,Room rental,1.0,620.0,620.0
334,375,room-rental,Room rental,1.0,650.0,650.0
335,376,room-rental,Room rental,1.0,750.0,750.0
336,377,room-rental,Room rental,1.0,750.0,750.0
337,378,room-rental,Room rental,1.0,3900.0,3900.0
338,386,room-rental,Room rental,1.0,1000.0,1000.0
339,387,room-rental,Room rental,1.0,1100.0,1100.0
340,388,room-rental,Room rental,1.0,1200.0,1200.0
341,389,room-rental,Room rental,1.0,900.0,900.0
342,390,room-rental,Room rental,1.0,1000.0,1000.0
343,391,room-rental,Room rental,1.0,1200.0,1200.0
344,392,room-rental,Room rental,1.0,1560.0,1560.0
345,393,room-rental,Room rental,1.0,800.0,800.0
346,394,room-rental,Room rental,1.0,1100.0,1100.0
347,395,room-rental,Room rental,1.0,900.0,900.0
348,396,room-rental,Room rental,1.0,1200.0,1200.0
349,397,room-rental,Room rental,1.0,4100.0,4100.0
350,398,room-rental,Room rental,1.0,3640.0,3640.0
351,408,room-rental,Room rental,1.0,390.0,390.0
352,409,room-rental,Room rental,1.0,550.0,550.0
353,410,room-rental,Room rental,1.0,600.0,600.0
354,411,room-rental,Room rental,1.0,600.0,600.0
355,412,room-rental,Room rental,1.0,650.0,650.0
356,413,room-rental,Room rental,1.0,500.0,500.0
357,414,room-rental,Room rental,1.0,400.0,400.0
358,415,room-rental,Room rental,1.0,6800.0,6800.0
359,430,room-rental,Room rental,1.0,2000.0,2000.0
360,432,room-rental,Room rental,1.0,1000.0,1000.0
361,436,room-rental,Room rental,1.0,650.0,650.0
362,437,room-rental,Room rental,1.0,7400.0,7400.0
363,454,room-rental,Room rental,1.0,7400.0,7400.0
364,471,room-rental,Room rental,1.0,6800.0,6800.0
