id,unit_id,room_label,status,bathroom_type,sales_rate,room_type,promotion_rate,promotion_start_date,promotion_end_date,meter_serial
1,1,A,active,non-attached,,sharing,,,,
2,1,B,active,attached,,single,,,,
3,1,C,active,non-attached,,single,,,,
4,1,D,active,non-attached,,single,,,,
5,2,A,active,non-attached,,sharing,,,,
6,2,B,active,unknown,,single,,,,
7,2,C,active,unknown,,single,,,,222.22
8,2,D,active,unknown,,single,,,,222
9,3,A,active,unknown,,single,,,,
10,3,B,active,unknown,,single,,,,
11,3,C,active,unknown,,single,,,,
12,3,D,active,unknown,,single,,,,
13,4,A,active,unknown,,single,,,,
14,4,B,active,unknown,,sharing,,,,
15,4,C,active,unknown,,single,,,,
16,4,D,active,unknown,,single,,,,
17,5,A,active,unknown,800.0,single,,,,
18,5,B,active,unknown,,single,,,,
19,5,C,active,unknown,,single,,,,
20,5,D,active,unknown,,single,,,,
21,6,A,active,unknown,,single,,,,
22,6,B,active,unknown,,single,,,,
23,6,C,active,unknown,,single,,,,
24,6,D,active,unknown,,single,,,,
25,7,A,active,unknown,,single,,,,
26,7,B,active,unknown,,single,,,,
27,7,C,active,unknown,,single,,,,
28,7,D,active,unknown,,single,,,,
29,8,A,active,unknown,,single,,,,
30,8,B,active,unknown,,single,,,,
31,8,C,active,unknown,,single,,,,
32,8,D,active,unknown,,single,,,,
33,9,A,active,unknown,,single,,,,
34,9,B,active,unknown,,single,,,,
35,9,C,active,unknown,,single,,,,
36,9,D,active,unknown,,single,,,,
37,10,A,active,unknown,,single,,,,
38,10,B,active,unknown,,single,,,,
39,10,C,active,unknown,,single,,,,
40,10,D,active,unknown,,single,,,,
41,11,A,active,unknown,,sharing,,,,
42,11,B,active,unknown,,sharing,,,,
43,11,C,active,unknown,,sharing,,,,
44,11,D,active,unknown,,single,,,,
45,12,A,active,unknown,,single,,,,
46,12,B,active,unknown,,single,,,,
47,12,C,active,unknown,,single,,,,
48,12,D,active,unknown,,single,,,,
49,13,A,active,unknown,,single,,,,
50,13,B,active,unknown,,single,,,,
51,13,C,active,unknown,,single,,,,
52,13,D,active,unknown,,single,,,,
53,14,A,active,unknown,,single,,,,
54,14,B,active,unknown,,single,,,,
55,14,C,active,unknown,,single,,,,
56,14,D,active,unknown,,single,,,,
57,15,A,active,unknown,,single,,,,
58,15,B,active,unknown,,single,,,,
59,15,C,active,unknown,,single,,,,
60,15,D,active,unknown,,single,,,,
61,16,A,active,unknown,,single,,,,
62,16,B,active,unknown,,single,,,,
63,16,C,active,unknown,,single,,,,
64,16,D,active,unknown,,single,,,,
65,17,A,active,unknown,,single,,,,
66,17,B,active,unknown,,single,,,,
67,17,C,active,unknown,,single,,,,
68,17,D,active,unknown,,single,,,,
69,18,A,active,unknown,,single,,,,
70,18,B,active,unknown,,single,,,,
71,18,C,active,unknown,,single,,,,
72,18,D,active,unknown,,single,,,,
73,19,A,active,unknown,,single,,,,
74,19,B,active,unknown,,single,,,,
75,19,C,active,unknown,,single,,,,
76,19,D,active,unknown,,single,,,,
77,20,A,active,unknown,,single,,,,
78,20,B,active,unknown,,single,,,,
79,20,C,active,unknown,,single,,,,
80,20,D,active,unknown,,single,,,,
81,21,A,active,unknown,,single,,,,
82,21,B,active,unknown,,single,,,,
83,21,C,active,unknown,,single,,,,
84,21,D,active,unknown,,single,,,,
85,22,A,active,unknown,,single,,,,
86,22,B,active,unknown,,single,,,,
87,22,C,active,unknown,,single,,,,
88,22,D,active,unknown,,single,,,,
89,23,A,active,unknown,,single,,,,
90,23,B,active,unknown,,single,,,,
91,23,C,active,unknown,,single,,,,
92,23,D,active,unknown,,single,,,,
93,24,A,active,unknown,,single,,,,
94,24,B,active,unknown,,single,,,,
95,24,C,active,unknown,,single,,,,
96,24,D,active,unknown,,single,,,,
97,25,A,active,unknown,,single,,,,
98,25,B,active,unknown,,single,,,,
99,25,C,active,unknown,,single,,,,
100,25,D,active,unknown,,single,,,,
101,26,A,active,unknown,,single,,,,
102,26,B,active,unknown,,single,,,,
103,26,C,active,unknown,,single,,,,
104,26,D,active,unknown,,single,,,,
105,27,A,active,unknown,,single,,,,
106,27,B,active,unknown,,single,,,,
107,27,C,active,unknown,,single,,,,
108,27,D,active,unknown,,single,,,,
109,28,A,active,unknown,,single,,,,
110,28,B,active,unknown,,single,,,,
111,28,C,active,unknown,,single,,,,
112,28,D,active,unknown,,single,,,,
113,29,A,active,unknown,,sharing,,,,
114,29,B,active,unknown,,sharing,,,,
115,29,C,active,unknown,,sharing,,,,
116,29,D,active,unknown,,single,,,,
117,30,A,active,unknown,,single,,,,
118,30,B,active,unknown,,single,,,,
119,30,C,active,unknown,,single,,,,
120,30,D,active,unknown,,single,,,,
121,31,A,active,unknown,,single,,,,
122,31,B,active,unknown,,single,,,,
123,31,C,active,unknown,,single,,,,
124,31,D,active,unknown,,single,,,,
125,32,A,active,unknown,,single,,,,
126,32,B,active,unknown,,single,,,,
127,32,C,active,unknown,,single,,,,
128,32,D,active,unknown,,single,,,,
129,33,A,active,unknown,,single,,,,
130,33,B,active,unknown,,single,,,,
131,33,C,active,unknown,,single,,,,
132,33,D,active,unknown,,single,,,,
133,34,A,active,unknown,,single,,,,
134,34,B,active,unknown,,single,,,,
135,34,C,active,unknown,,single,,,,
136,34,D,active,unknown,,single,,,,
137,35,A,active,unknown,,single,,,,
138,35,B,active,unknown,,single,,,,
139,35,C,active,unknown,,single,,,,
140,35,D,active,unknown,,single,,,,
141,36,A,active,unknown,,single,,,,
142,36,B,active,unknown,,single,,,,
143,36,C,active,unknown,,single,,,,
144,36,D,active,unknown,,single,,,,
145,37,A,active,unknown,,sharing,,,,
146,37,B,active,unknown,,sharing,,,,
147,37,C,active,unknown,,sharing,,,,
148,37,D,active,unknown,,single,,,,
149,38,A,active,unknown,,single,,,,
150,38,B,active,unknown,,single,,,,
151,38,C,active,unknown,,single,,,,
152,38,D,active,unknown,,single,,,,
153,39,A,active,unknown,,single,,,,
154,39,B,active,unknown,,single,,,,
155,39,C,active,unknown,,single,,,,
156,39,D,active,unknown,,single,,,,
157,40,A,active,unknown,,single,,,,
158,40,B,active,unknown,,single,,,,
159,40,C,active,unknown,,single,,,,
160,40,D,active,unknown,,single,,,,
161,41,A,active,unknown,,single,,,,
162,41,B,active,unknown,,single,,,,
163,41,C,active,unknown,,single,,,,
164,41,D,active,unknown,,single,,,,
165,42,A,active,unknown,,single,,,,
166,42,B,active,unknown,,single,,,,
167,42,C,active,unknown,,single,,,,
168,42,D,active,unknown,,single,,,,
169,43,A,active,unknown,,single,,,,
170,43,B,active,unknown,,single,,,,
171,43,C,active,unknown,,single,,,,
172,43,D,active,unknown,,single,,,,
173,44,A,active,unknown,,single,,,,
174,44,B,active,unknown,,single,,,,
175,44,C,active,unknown,,single,,,,
176,44,D,active,unknown,,single,,,,
177,45,A,active,unknown,,single,,,,
178,45,B,active,unknown,,single,,,,
179,45,C,active,unknown,,single,,,,
180,45,D,active,unknown,,single,,,,
181,46,A,active,unknown,,single,,,,
182,46,B,active,unknown,,single,,,,
183,46,C,active,unknown,,single,,,,
184,46,D,active,unknown,,single,,,,
185,47,A,active,unknown,,single,,,,
186,47,B,active,unknown,,single,,,,
187,47,C,active,unknown,,single,,,,
188,47,D,active,unknown,,single,,,,
189,48,A,active,unknown,,single,,,,
190,48,B,active,unknown,,single,,,,
191,48,C,active,unknown,,single,,,,
192,48,D,active,unknown,,single,,,,
193,49,A,active,unknown,,single,,,,
194,49,B,active,unknown,,single,,,,
195,49,C,active,unknown,,single,,,,
196,49,D,active,unknown,,single,,,,
197,50,A,active,unknown,,single,,,,
198,50,B,active,unknown,,single,,,,
199,50,C,active,unknown,,single,,,,
200,50,D,active,unknown,,single,,,,
201,51,A,active,unknown,,single,,,,
202,51,B,active,unknown,,single,,,,
203,51,C,active,unknown,,single,,,,
204,51,D,active,unknown,,single,,,,
205,52,A,active,unknown,,single,,,,
206,52,B,active,unknown,,single,,,,
207,52,C,active,unknown,,sharing,,,,
208,52,D,active,unknown,,sharing,,,,
209,53,A,active,unknown,,single,,,,
210,53,B,active,unknown,,single,,,,
211,53,C,active,unknown,,single,,,,
212,53,D,active,unknown,,single,,,,
213,54,A,active,unknown,,single,,,,
214,54,B,active,unknown,,single,,,,
215,54,C,active,unknown,,single,,,,
216,54,D,active,unknown,,single,,,,
217,55,A,active,unknown,,single,,,,
218,55,B,active,unknown,,single,,,,
219,55,C,active,unknown,,single,,,,
220,55,D,active,unknown,,single,,,,
221,56,A,active,unknown,,single,,,,
222,56,B,active,unknown,,single,,,,
223,56,C,active,unknown,,single,,,,
224,56,D,active,unknown,,single,,,,
225,57,A,active,unknown,,sharing,,,,
226,57,B,active,unknown,,sharing,,,,
227,57,C,active,unknown,,sharing,,,,
228,57,D,active,unknown,,sharing,,,,
229,58,A,active,unknown,,single,,,,
230,58,B,active,unknown,,single,,,,
231,58,C,active,unknown,,single,,,,
232,58,D,active,unknown,,single,,,,
233,59,A,active,unknown,,single,,,,
234,59,B,active,unknown,,single,,,,
235,59,C,active,unknown,,single,,,,
236,59,D,active,unknown,,single,,,,
237,60,A,active,unknown,,single,,,,
238,60,B,active,unknown,,single,,,,
239,60,C,active,unknown,,single,,,,
240,60,D,active,unknown,,single,,,,
241,61,A,active,unknown,,single,,,,
242,61,B,active,unknown,,single,,,,
243,61,C,active,unknown,,single,,,,
244,61,D,active,unknown,,single,,,,
245,62,A,active,unknown,,single,,,,
246,62,B,active,unknown,,single,,,,
247,62,C,active,unknown,,single,,,,
248,62,D,active,unknown,,single,,,,
249,63,A,active,unknown,,single,,,,
250,63,B,active,unknown,,single,,,,
251,63,C,active,unknown,,single,,,,
252,63,D,active,unknown,,single,,,,
253,64,A,active,unknown,,single,,,,
254,64,B,active,unknown,,single,,,,
255,64,C,active,unknown,,single,,,,
256,64,D,active,unknown,,single,,,,
257,65,A,active,unknown,,single,,,,
258,65,B,active,unknown,,single,,,,
259,65,C,active,unknown,,single,,,,
260,65,D,active,unknown,,single,,,,
261,66,A,active,unknown,,single,,,,
262,66,B,active,unknown,,single,,,,
263,66,C,active,unknown,,single,,,,
264,66,D,active,unknown,,single,,,,
265,67,A,active,unknown,,single,,,,
266,67,B,active,unknown,,single,,,,
267,67,C,active,unknown,,single,,,,
268,67,D,active,unknown,,single,,,,
269,68,A,active,unknown,,single,,,,
270,68,B,active,unknown,,single,,,,
271,68,C,active,unknown,,single,,,,
272,68,D,active,unknown,,single,,,,
273,69,A,active,unknown,,single,,,,
274,69,B,active,unknown,,single,,,,
275,69,C,active,unknown,,single,,,,
276,69,D,active,unknown,,single,,,,
277,70,A,active,unknown,,single,,,,
278,70,B,active,unknown,,single,,,,
279,70,C,active,unknown,,single,,,,
280,70,D,active,unknown,,single,,,,
281,71,A,active,unknown,,single,,,,
282,71,B,active,unknown,,single,,,,
283,71,C,active,unknown,,single,,,,
284,71,D,active,unknown,,single,,,,
285,72,A,active,unknown,,single,,,,
286,72,B,active,unknown,,single,,,,
287,72,C,active,unknown,,single,,,,
288,72,D,active,unknown,,single,,,,
289,73,A,active,unknown,,single,,,,
290,73,B,active,unknown,,single,,,,
291,73,C,active,unknown,,single,,,,
292,73,D,active,unknown,,single,,,,
293,74,A,active,unknown,,single,,,,
294,74,B,active,unknown,,single,,,,
295,74,C,active,unknown,,single,,,,
296,74,D,active,unknown,,single,,,,
297,75,A,active,unknown,,single,,,,
298,75,B,active,unknown,,single,,,,
299,75,C,active,unknown,,single,,,,
300,75,D,active,unknown,,single,,,,
301,76,A,active,unknown,,single,,,,
302,76,B,active,unknown,,single,,,,
303,76,C,active,unknown,,single,,,,
304,76,D,active,unknown,,single,,,,
305,77,A,active,unknown,,single,,,,
306,77,B,active,unknown,,single,,,,
307,77,C,active,unknown,,single,,,,
308,77,D,active,unknown,,single,,,,
309,78,A,active,unknown,,single,,,,
310,78,B,active,unknown,,single,,,,
311,78,C,active,unknown,,single,,,,
312,78,D,active,unknown,,single,,,,
313,79,A,active,unknown,,single,,,,
314,79,B,active,unknown,,single,,,,
315,79,C,active,unknown,,single,,,,
316,79,D,active,unknown,,single,,,,
317,80,A,active,unknown,,single,,,,
318,80,B,active,unknown,,single,,,,
319,80,C,active,unknown,,single,,,,
320,80,D,active,unknown,,single,,,,
321,81,A,active,unknown,,single,,,,
322,81,B,active,unknown,,single,,,,
323,81,C,active,unknown,,single,,,,
324,81,D,active,unknown,,single,,,,
325,82,A,active,unknown,,single,,,,
326,82,B,active,unknown,,single,,,,
327,82,C,active,unknown,,single,,,,
328,82,D,active,unknown,,single,,,,
329,83,A,active,unknown,,single,,,,
330,83,B,active,unknown,,single,,,,
331,83,C,active,unknown,,single,,,,
332,83,D,active,unknown,,single,,,,
333,84,A,active,unknown,,single,,,,
334,84,B,active,unknown,,single,,,,
335,84,C,active,unknown,,single,,,,
336,84,D,active,unknown,,single,,,,
337,85,A,active,unknown,,single,,,,
338,85,B,active,unknown,,single,,,,
339,85,C,active,unknown,,single,,,,
340,85,D,active,unknown,,single,,,,
341,86,A,active,unknown,,single,,,,
342,86,B,active,unknown,,single,,,,
343,86,C,active,unknown,,single,,,,
344,86,D,active,unknown,,single,,,,
345,87,A,active,unknown,,single,,,,
346,87,B,active,unknown,,single,,,,
347,87,C,active,unknown,,single,,,,
348,87,D,active,unknown,,single,,,,
349,88,A,active,unknown,,sharing,,,,
350,88,B,active,unknown,,sharing,,,,
351,88,C,active,unknown,,sharing,,,,
352,88,D,active,unknown,,sharing,,,,
353,89,A,active,unknown,,single,,,,
354,89,B,active,unknown,,single,,,,
355,89,C,active,unknown,,single,,,,
356,89,D,active,unknown,,single,,,,
357,90,A,active,unknown,,single,,,,
358,90,B,active,unknown,,single,,,,
359,90,C,active,unknown,,single,,,,
360,90,D,active,unknown,,single,,,,
361,91,A,active,unknown,,single,,,,
362,91,B,active,unknown,,single,,,,
363,91,C,active,unknown,,single,,,,
364,91,D,active,unknown,,single,,,,
365,92,A,active,unknown,,sharing,,,,
366,92,B,active,unknown,,sharing,,,,
367,92,C,active,unknown,,sharing,,,,
368,92,D,active,unknown,,sharing,,,,
369,93,A,active,unknown,,sharing,,,,
370,93,B,active,unknown,,sharing,,,,
371,93,C,active,unknown,,sharing,,,,
372,93,D,active,unknown,,sharing,,,,
373,94,A,active,unknown,,sharing,,,,
374,94,B,active,unknown,,sharing,,,,
375,94,C,active,unknown,,sharing,,,,
376,94,D,active,unknown,,sharing,,,,
377,95,A,active,unknown,,single,,,,
378,95,B,active,unknown,,single,,,,
379,95,C,active,unknown,,single,,,,
380,95,D,active,unknown,,single,,,,
381,96,A,active,unknown,,single,,,,
382,96,B,active,unknown,,single,,,,
383,96,C,active,unknown,,single,,,,
384,96,D,active,unknown,,single,,,,
385,97,A,active,unknown,,sharing,,,,
386,97,B,active,unknown,,sharing,,,,
387,97,C,active,unknown,,sharing,,,,
388,97,D,active,unknown,,sharing,,,,
389,98,A,active,unknown,,single,,,,
390,98,B,active,unknown,,single,,,,
391,98,C,active,unknown,,single,,,,
392,98,D,active,unknown,,single,,,,
393,99,A,active,unknown,,sharing,,,,
394,99,B,active,unknown,,sharing,,,,
395,99,C,active,unknown,,sharing,,,,
396,99,D,active,unknown,,sharing,,,,
397,100,A,active,unknown,,sharing,,,,
398,100,B,active,unknown,,sharing,,,,
399,100,C,active,unknown,,sharing,,,,
400,100,D,active,unknown,,sharing,,,,
401,101,A,active,unknown,,sharing,,,,
402,101,B,active,unknown,,sharing,,,,
403,101,C,active,unknown,,sharing,,,,
404,101,D,active,unknown,,sharing,,,,
405,102,A,active,unknown,,sharing,,,,
406,102,B,active,unknown,,sharing,,,,
407,102,C,active,unknown,,sharing,,,,
408,102,D,active,unknown,,sharing,,,,
409,103,A,active,unknown,,single,,,,
410,103,B,active,unknown,,single,,,,
411,103,C,active,unknown,,single,,,,
412,103,D,active,unknown,,single,,,,
413,104,A,active,unknown,,sharing,,,,
414,104,B,active,unknown,,sharing,,,,
415,104,C,active,unknown,,sharing,,,,
416,104,D,active,unknown,,sharing,,,,
417,105,A,active,unknown,,single,,,,
418,105,B,active,unknown,,single,,,,
419,105,C,active,unknown,,single,,,,
420,105,D,active,unknown,,single,,,,
421,106,A,active,unknown,,sharing,,,,
422,106,B,active,unknown,,sharing,,,,
423,106,C,active,unknown,,sharing,,,,
424,106,D,active,unknown,,sharing,,,,
425,107,A,active,unknown,,single,,,,
426,107,B,active,unknown,,single,,,,
427,107,C,active,unknown,,sharing,,,,
428,107,D,active,unknown,,sharing,,,,
429,108,A,active,unknown,,single,,,,
430,108,B,active,unknown,,single,,,,
431,108,C,active,unknown,,single,,,,
432,108,D,active,unknown,,single,,,,
433,109,A,active,unknown,,single,,,,
434,109,B,active,unknown,,single,,,,
435,109,C,active,unknown,,single,,,,
436,109,D,active,unknown,,single,,,,
437,110,A,active,unknown,,sharing,,,,
438,110,B,active,unknown,,sharing,,,,
439,110,C,active,unknown,,sharing,,,,
440,110,D,active,unknown,,sharing,,,,
441,111,A,active,unknown,,sharing,,,,
442,111,B,active,unknown,,sharing,,,,
443,111,C,active,unknown,,sharing,,,,
444,111,D,active,unknown,,sharing,,,,
445,112,A,active,unknown,,sharing,,,,
446,112,B,active,unknown,,sharing,,,,
447,112,C,active,unknown,,sharing,,,,
448,112,D,active,unknown,,sharing,,,,
449,113,A,active,unknown,,single,,,,
450,113,B,active,unknown,,single,,,,
451,113,C,active,unknown,,single,,,,
452,113,D,active,unknown,,single,,,,
453,114,A,active,unknown,,single,,,,
454,114,B,active,unknown,,single,,,,
455,114,C,active,unknown,,single,,,,
456,114,D,active,unknown,,single,,,,
457,115,A,active,unknown,,single,,,,
458,115,B,active,unknown,,single,,,,
459,115,C,active,unknown,,single,,,,
460,115,D,active,unknown,,single,,,,
461,116,A,active,unknown,,sharing,,,,
462,116,B,active,unknown,,sharing,,,,
463,116,C,active,unknown,,sharing,,,,
464,116,D,active,unknown,,sharing,,,,
465,117,A,active,unknown,,sharing,,,,
466,117,B,active,unknown,,sharing,,,,
467,117,C,active,unknown,,sharing,,,,
468,117,D,active,unknown,,sharing,,,,
469,118,A,active,unknown,,sharing,,,,
470,118,B,active,unknown,,single,,,,
471,118,C,active,unknown,,single,,,,
472,118,D,active,unknown,,single,,,,
473,118,E,active,unknown,,single,,,,
474,118,F,active,unknown,,single,,,,
475,118,G,active,unknown,,single,,,,
476,118,H,active,unknown,,single,,,,
477,119,A,active,unknown,,single,,,,
478,119,B,active,unknown,,single,,,,
479,119,C,active,unknown,,single,,,,
480,119,D,active,unknown,,single,,,,
481,119,E,active,unknown,,single,,,,
482,119,F,active,unknown,,single,,,,
483,119,G,active,unknown,,single,,,,
484,119,H,active,unknown,,sharing,,,,
485,119,I,active,unknown,,sharing,,,,
486,120,A,active,unknown,,sharing,,,,
487,120,B,active,unknown,,sharing,,,,
488,120,C,active,unknown,,sharing,,,,
489,120,D,active,unknown,,single,,,,
490,120,E,active,unknown,,sharing,,,,
491,120,F,active,unknown,,sharing,,,,
492,121,A,active,unknown,,sharing,,,,
493,121,B,active,unknown,,sharing,,,,
494,121,C,active,unknown,,single,,,,
495,121,D,active,unknown,,sharing,,,,
496,121,E,active,unknown,,single,,,,
497,121,F,active,unknown,,sharing,,,,
498,121,G,active,unknown,,single,,,,
499,121,H,active,unknown,,sharing,,,,
500,122,A,active,unknown,,sharing,,,,
501,122,C,active,unknown,,sharing,,,,
502,122,D,active,unknown,,sharing,,,,
503,122,E,active,unknown,,single,,,,
504,122,F,active,unknown,,sharing,,,,
505,122,G,active,unknown,,single,,,,
506,122,H,active,unknown,,sharing,,,,
507,123,A,active,unknown,,sharing,,,,
508,123,B,active,unknown,,sharing,,,,
509,123,C,active,unknown,,sharing,,,,
510,123,D,active,unknown,,single,,,,
511,123,E,active,unknown,,sharing,,,,
512,123,F,active,unknown,,sharing,,,,
513,124,A,active,unknown,,sharing,,,,
514,124,B,active,unknown,,sharing,,,,
515,124,C,active,unknown,,sharing,,,,
516,124,D,active,unknown,,sharing,,,,
517,124,E,active,unknown,,sharing,,,,
518,124,F,active,unknown,,sharing,,,,
519,125,A,active,unknown,,sharing,,,,
520,125,B,active,unknown,,sharing,,,,
521,125,C,active,unknown,,sharing,,,,
522,125,D,active,unknown,,single,,,,
523,125,E,active,unknown,,sharing,,,,
524,125,F,active,unknown,,sharing,,,,
